,AGE,CUS_Month_Income,CUS_Gender,CUS_Marital_Status,CUS_Customer_Since,YEARS_WITH_US,CUS_Target,TAR_Desc,Status,category,Suggestions
0,49,7116.64,1,1,1994-06-30,25,2231,1,0,0,2
1,46,1500000.0,0,4,2005-05-19,14,2223,3,0,0,2
2,53,5000000.0,0,4,2005-05-20,14,2222,2,0,0,0
3,15,500.0,0,4,2005-05-20,14,2223,3,0,1,3
4,48,9000000.0,0,4,2014-06-30,5,2223,3,0,0,1
5,37,2556.0,1,4,2005-05-23,14,2235,2,0,0,0
6,39,10000000.0,1,1,2005-05-24,14,2223,3,0,0,0
7,46,15000000.0,1,1,2005-05-24,14,2212,1,0,0,1
8,59,1500000.0,0,1,2005-05-24,14,2223,3,0,0,2
9,64,2800000.0,1,1,2005-05-25,14,2223,3,0,0,2
10,51,1000000.0,1,4,2005-05-25,14,2222,2,0,0,0
11,43,1000000.0,0,4,2005-05-25,14,2223,3,0,0,2
12,29,1000000.0,1,4,2005-05-26,14,2223,3,0,0,0
13,32,1500000.0,1,4,2005-05-26,14,2222,2,0,0,1
14,49,6131000.0,1,4,2005-05-26,14,2222,2,0,0,2
15,35,250000.0,1,4,2005-05-26,14,2222,2,0,0,2
16,18,1000000.0,0,4,2005-05-30,14,2222,2,0,0,1
17,16,500000.0,1,4,2005-05-30,14,2223,3,0,0,1
18,39,1000000.0,1,1,2005-05-30,14,2212,1,0,0,0
19,41,2000000.0,0,4,2005-05-31,14,2223,3,0,0,2
20,43,6000000.0,1,4,2005-05-31,14,2222,2,0,0,0
21,46,15000000.0,0,1,2005-05-31,14,2223,3,0,0,1
22,49,30000000.0,0,1,2005-07-13,14,2222,2,0,0,1
23,66,0.0,1,5,2005-07-15,14,2223,3,0,0,2
24,62,5648.12,1,4,1996-06-28,23,2232,2,0,0,2
25,77,2500.0,1,1,2005-07-18,14,2222,2,0,0,1
26,34,0.0,1,4,2005-07-18,14,2223,3,0,0,1
27,46,3000.0,1,4,2005-07-19,14,2223,3,0,0,2
28,82,3000.0,0,4,2005-07-19,14,2223,3,0,0,2
29,60,3000.0,0,4,2005-07-19,14,2223,3,0,0,2
30,48,3500.0,1,4,2005-07-19,14,2223,3,0,0,1
31,41,1014.0,0,4,2005-07-19,14,2223,3,0,0,1
32,87,2500000.0,1,4,2005-07-19,14,2223,3,0,0,2
33,48,3500.0,1,4,2005-07-19,14,2222,2,0,0,0
34,16,1000000.0,1,4,2005-07-19,14,2223,3,0,0,0
35,69,5000000.0,0,1,2005-08-26,14,2222,2,0,0,2
36,54,2000000.0,1,4,2005-05-20,14,2222,2,0,0,1
37,36,2000000.0,1,4,2005-05-23,14,2212,1,0,0,2
38,32,500000.0,1,4,2005-05-24,14,2223,3,0,0,2
39,51,1315.0,1,4,2005-05-25,14,2222,2,0,0,1
40,33,1500.0,1,4,2005-05-25,14,2222,2,0,0,0
41,41,12000.0,1,4,2005-05-26,14,2223,3,0,0,2
42,34,500000.0,1,4,2005-05-26,14,2222,2,0,0,1
43,32,1000000.0,0,4,2005-05-26,14,2222,2,0,0,0
44,45,6500000.0,0,4,2005-05-30,14,2222,2,0,0,2
45,64,5250000.0,1,1,2005-05-31,14,2223,3,0,0,1
46,58,6000.0,1,4,1994-11-04,25,2222,2,0,0,0
47,45,2500.0,1,4,2005-07-12,14,2223,3,0,0,1
48,65,500.0,1,4,2005-07-13,14,2222,2,0,0,2
49,50,5000000.0,0,4,2011-06-08,8,2222,2,0,0,2
50,49,10760.35,0,0,1994-07-01,25,2230,0,0,0,2
51,43,3200000.0,1,4,2005-05-20,14,2223,3,0,0,2
52,37,1000000.0,0,4,2005-05-20,14,2223,3,0,0,2
53,41,2000000.0,1,4,2005-05-23,14,2223,3,0,0,1
54,39,15000000.0,0,4,2006-06-16,13,2212,1,0,0,1
55,31,1000000.0,1,1,2005-05-25,14,2223,3,0,0,2
56,37,1000000.0,1,4,2005-05-25,14,2223,3,0,0,2
57,16,200000.0,0,4,2005-05-26,14,2223,3,0,0,0
58,36,2000000.0,1,4,2005-05-26,14,2223,3,0,0,0
59,44,4100000.0,1,4,2005-05-27,14,2223,3,0,0,0
60,36,1600000.0,0,4,2005-05-31,14,2223,3,0,0,2
61,69,4950.0,1,1,2005-05-31,14,2223,3,0,0,0
62,44,400.0,0,4,2005-05-31,14,2222,2,0,0,0
63,37,2900000.0,0,1,2005-07-13,14,2222,2,0,0,0
64,36,1000000.0,0,1,2005-07-13,14,2222,2,0,0,2
65,59,5000000.0,1,4,2005-08-29,14,2223,3,0,0,0
66,76,2500000.0,1,1,2005-08-29,14,2223,3,0,0,1
67,44,500.0,0,4,2005-08-31,14,2223,3,0,0,2
68,60,5000000.0,1,1,2005-08-30,14,2223,3,0,0,1
69,47,3000000.0,1,4,2005-08-30,14,2212,1,0,0,0
70,47,1500.0,1,4,2005-08-30,14,2222,2,0,0,2
71,39,1000000.0,1,4,2005-08-31,14,2223,3,0,0,1
72,58,2000000.0,0,4,2005-09-02,14,2223,3,0,0,2
73,38,3500.0,1,4,2005-09-02,14,2223,3,0,0,1
74,38,3800000.0,1,4,2005-09-05,14,2222,2,0,0,2
75,39,6853720.0,0,4,2005-09-05,14,2222,2,0,0,0
76,41,5000000.0,0,1,2005-09-05,14,2222,2,0,0,0
77,38,12800000.0,0,4,2005-09-06,14,2222,2,0,0,0
78,52,18000.0,0,1,2005-09-06,14,2222,2,0,0,0
79,30,250000.0,0,4,2005-09-06,14,2222,2,0,0,1
80,34,500000.0,1,4,2005-09-29,14,2223,3,0,0,2
81,39,298.0,1,4,2005-09-29,14,2223,3,0,0,1
82,39,4500000.0,1,4,2005-07-15,14,2223,3,0,0,2
83,70,1200000.0,0,1,2005-07-15,14,2223,3,0,0,2
84,63,2500.0,0,1,2005-07-18,14,2223,3,0,0,2
85,63,2500.0,1,1,2005-07-18,14,2223,3,0,0,0
86,47,2500.0,1,4,2005-07-16,14,2223,3,0,0,2
87,62,2500.0,1,4,2005-07-18,14,2223,3,0,0,0
88,58,2500.0,0,1,2005-07-18,14,2223,3,0,0,0
89,37,1500000.0,1,4,2005-07-18,14,2222,2,0,0,1
90,59,3200000.0,0,4,2005-07-18,14,2223,3,0,0,1
91,40,1500000.0,1,4,2005-07-18,14,2232,2,0,0,2
92,32,2000000.0,0,4,2005-07-18,14,2223,3,0,0,1
93,61,3000.0,1,1,2005-07-19,14,2223,3,0,0,2
94,58,10000.0,1,4,2005-07-19,14,2222,2,0,0,1
95,57,3500.0,1,4,2005-07-19,14,2223,3,0,0,2
96,50,3500.0,0,4,2005-07-19,14,2223,3,0,0,0
97,38,1000000.0,0,4,2005-07-19,14,2223,3,0,0,2
98,42,390.0,0,4,2005-07-20,14,2223,3,0,0,2
99,37,1000000.0,1,1,2005-08-26,14,2222,2,0,0,0
100,46,2250.0,1,4,2005-07-14,14,2223,3,0,0,2
101,35,1000000.0,1,4,2005-07-14,14,2223,3,0,0,0
102,49,1000.0,0,0,2005-07-14,14,2222,2,0,0,0
103,37,1000000.0,1,4,2015-01-29,4,2223,3,0,0,2
104,57,2500.0,1,4,2005-07-18,14,2223,3,0,0,2
105,58,2500000.0,0,4,2005-07-18,14,2223,3,0,0,2
106,62,2500.0,0,1,2005-07-18,14,2222,2,0,0,2
107,57,2500.0,0,4,2005-07-18,14,2222,2,0,0,2
108,57,2500.0,0,4,2005-07-18,14,2223,3,0,0,1
109,63,25510.0,1,1,2005-07-18,14,2212,1,0,0,0
110,56,3000000.0,1,1,2005-07-19,14,2223,3,0,0,2
111,60,3000.0,1,1,2005-07-19,14,2223,3,0,0,2
112,58,5000000.0,1,1,2005-07-19,14,2222,2,0,0,0
113,44,3500.0,0,0,2005-07-19,14,2223,3,0,0,0
114,46,3375000.0,0,4,2005-07-26,14,2223,3,0,0,2
115,38,1000000.0,1,4,2005-07-20,14,2222,2,0,0,1
116,47,2500.0,1,1,2005-08-29,14,2223,3,0,0,1
117,54,10000000.0,1,4,2005-08-29,14,2212,1,0,0,0
118,52,2100.0,1,4,2005-09-29,14,2223,3,0,0,2
119,53,2500000.0,1,4,2005-09-30,14,2223,3,0,0,0
120,52,2100000.0,1,4,2005-09-30,14,2223,3,0,0,2
121,51,8869000.0,0,5,2005-09-30,14,2222,2,0,0,1
122,48,2000.0,1,4,2005-09-30,14,2223,3,0,0,2
123,44,1850.0,0,4,2005-09-30,14,2223,3,0,0,1
124,59,1850000.0,1,4,2005-09-30,14,2223,3,0,0,2
125,33,1500000.0,0,4,2005-10-05,14,2223,3,0,0,0
126,43,6400000.0,0,4,2005-10-05,14,2223,3,0,0,1
127,39,1000000.0,1,4,2005-10-06,14,2223,3,0,0,1
128,61,73000.0,0,1,1999-07-09,20,2211,0,0,0,2
129,59,2500000.0,0,4,2005-10-28,14,2222,2,0,0,0
130,40,18000000.0,1,4,2005-10-28,14,2212,1,0,0,0
131,46,1800000.0,0,4,2005-10-31,14,2223,3,0,0,2
132,41,1900000.0,1,4,2005-10-31,14,2223,3,0,0,2
133,66,1800000.0,0,5,2005-10-31,14,2223,3,0,0,0
134,49,2259248.0,1,4,1997-12-08,22,2232,2,0,0,1
135,32,500000.0,0,4,2005-08-30,14,2222,2,0,0,2
136,72,1000000.0,0,1,2005-08-30,14,2223,3,0,0,1
137,40,7000000.0,0,1,2005-08-30,14,2222,2,0,0,0
138,67,2500000.0,1,1,2005-08-30,14,2222,2,0,0,1
139,61,5000000.0,1,4,2005-08-31,14,2223,3,0,0,0
140,38,1500000.0,0,4,2005-09-02,14,2223,3,0,0,2
141,41,2000000.0,1,4,2005-09-02,14,2223,3,0,0,0
142,48,10000000.0,1,1,2005-09-02,14,2222,2,0,0,2
143,54,6000000.0,0,4,2005-09-05,14,2222,2,0,0,0
144,51,37675.53,0,1,1998-02-04,21,2211,0,0,0,1
145,37,3800000.0,0,4,2005-09-05,14,2222,2,0,0,2
146,42,2000000.0,1,4,2005-09-05,14,2222,2,0,0,1
147,42,15000000.0,1,1,2005-09-06,14,2212,1,0,0,1
148,16,250000.0,1,4,2005-09-06,14,2223,3,0,0,2
149,36,500000.0,0,1,2005-09-06,14,2222,2,0,0,2
150,48,3500.0,0,4,2005-09-30,14,2223,3,0,0,1
151,39,25000000.0,1,4,2005-09-29,14,2223,3,0,0,0
152,43,2500000.0,1,1,2005-09-30,14,2222,2,0,0,1
153,37,1500.0,1,4,2005-08-30,14,2223,3,0,0,1
154,35,350.0,0,1,2005-08-30,14,2223,3,0,0,1
155,39,5726000.0,0,4,2005-08-31,14,2212,1,0,0,0
156,43,3800000.0,1,4,2005-09-05,14,2222,2,0,0,1
157,52,1000000.0,0,4,2005-09-06,14,2223,3,0,0,0
158,50,1000000.0,1,4,2005-09-29,14,2223,3,0,0,2
159,37,1300000.0,1,4,2005-10-03,14,2223,3,0,0,2
160,42,6000.0,0,1,2005-09-29,14,2222,2,0,0,2
161,50,1000000.0,1,1,2005-09-29,14,2223,3,0,0,2
162,56,9759957.0,1,0,1998-11-09,21,2231,1,0,0,1
163,55,3500000.0,0,1,2005-09-30,14,2222,2,0,0,2
164,55,15.0,0,1,2005-09-30,14,2223,3,0,0,1
165,57,1750000.0,0,4,2005-09-30,14,2223,3,0,0,1
166,43,1850000.0,0,4,2005-09-30,14,2222,2,0,0,1
167,59,1000000.0,0,4,2005-09-30,14,2223,3,0,0,1
168,55,1000000.0,1,4,2005-09-30,14,2223,3,0,0,0
169,40,2500000.0,1,4,2005-09-30,14,2223,3,0,0,1
170,42,1500000.0,1,4,2005-09-30,14,2223,3,0,0,2
171,37,8000000.0,0,1,2005-09-30,14,2235,2,0,0,0
172,56,10000000.0,0,1,2005-10-03,14,2222,2,0,0,2
173,49,1000000.0,1,1,2005-10-03,14,2223,3,0,0,1
174,47,3500000.0,0,1,2005-09-30,14,2223,3,0,0,1
175,45,1000000.0,1,4,2005-09-30,14,2223,3,0,0,1
176,46,1500000.0,1,4,2005-07-11,14,2223,3,0,0,2
177,58,3500000.0,1,4,2005-09-30,14,2223,3,0,0,2
178,65,2850000.0,0,1,2005-09-30,14,2223,3,0,0,0
179,39,1000000.0,1,4,2005-09-30,14,2223,3,0,0,1
180,55,2000.0,1,0,1998-11-26,21,2211,0,0,1,4
181,45,185000.0,1,4,2005-09-30,14,2223,3,0,0,2
182,41,10000.0,1,1,2005-09-30,14,2223,3,0,0,2
183,45,2450000.0,1,4,2005-10-07,14,2223,3,0,0,0
184,46,500000.0,1,4,2005-10-03,14,2223,3,0,0,2
185,44,5000000.0,0,4,2005-10-05,14,2223,3,0,0,2
186,66,2000.0,0,1,2005-10-06,14,2222,2,0,0,0
187,56,5000000.0,1,4,2005-10-06,14,2222,2,0,0,2
188,37,1500.0,1,1,2005-10-06,14,2222,2,0,0,0
189,43,2000000.0,1,4,2005-10-28,14,2223,3,0,0,2
190,43,12000000.0,0,4,2005-11-01,14,2234,3,0,0,2
191,58,3508000.0,1,4,2005-10-31,14,2223,3,0,0,2
192,35,2500000.0,1,4,2005-11-01,14,2223,3,0,0,1
193,46,2500000.0,1,4,2005-11-01,14,2223,3,0,0,1
194,51,2000000.0,1,4,2005-11-01,14,2223,3,0,0,2
195,66,2591591.0,0,1,2005-11-01,14,2223,3,0,0,0
196,55,2185.65,0,4,2005-11-01,14,2223,3,0,0,2
197,17,1500000.0,1,4,2005-11-02,14,2223,3,0,1,3
198,54,2145000.0,0,4,2005-11-02,14,2223,3,0,0,2
199,60,7400000.0,1,1,2005-11-02,14,2223,3,0,0,1
200,35,209.0,0,4,2005-11-04,14,2223,3,0,0,2
201,42,3000.0,0,4,2005-11-03,14,2223,3,0,0,2
202,39,5000.0,0,1,2005-11-04,14,2222,2,0,0,1
203,41,5000000.0,0,4,2005-06-01,14,2222,2,0,0,1
204,53,8500000.0,0,4,2005-06-01,14,2223,3,0,0,1
205,18,500000.0,1,4,2005-06-02,14,2223,3,0,0,2
206,39,1500000.0,0,4,2005-06-03,14,2223,3,0,0,2
207,21,500.0,0,4,2005-06-03,14,2222,2,0,1,4
208,51,1792864.0,1,4,2005-06-06,14,2222,2,0,0,0
209,40,2000000.0,0,4,2005-06-06,14,2223,3,0,0,2
210,43,5000000.0,1,1,2005-12-15,14,2222,2,0,0,2
211,49,2000000.0,0,1,2005-10-06,14,2223,3,0,0,2
212,37,200.0,0,4,2005-10-03,14,2222,2,0,0,0
213,61,6000000.0,0,0,2005-10-06,14,2222,2,0,0,2
214,60,5000000.0,1,1,2005-10-06,14,2222,2,0,0,2
215,41,2000000.0,1,4,2005-10-28,14,2222,2,0,0,2
216,35,500000.0,1,4,2005-10-28,14,2222,2,0,0,2
217,42,25000000.0,0,1,2005-10-28,14,2222,2,0,0,0
218,51,2500.0,1,4,2005-10-31,14,2223,3,0,0,0
219,55,1600000.0,0,4,2005-10-31,14,2223,3,0,0,2
220,49,1520000.0,1,4,2005-10-31,14,2223,3,0,0,2
221,57,2500000.0,1,4,2005-11-01,14,2223,3,0,0,2
222,41,2500000.0,1,4,2005-11-01,14,2223,3,0,0,2
223,51,2500000.0,0,4,2005-11-01,14,2223,3,0,0,2
224,50,10000000.0,0,4,2005-11-01,14,2212,1,0,0,2
225,36,1000000.0,1,1,2005-11-01,14,2223,3,0,0,2
226,47,2500000.0,1,4,2005-11-02,14,2223,3,0,0,2
227,36,500000.0,0,4,2005-11-03,14,2235,2,0,0,1
228,48,2500000.0,1,4,2005-11-02,14,2223,3,0,0,2
229,34,1000000.0,1,4,2005-11-02,14,2232,2,0,0,0
230,47,2500000.0,1,4,2005-11-01,14,2222,2,0,0,0
231,47,2500000.0,1,1,2005-11-02,14,2223,3,0,0,2
232,58,1875000.0,1,4,2005-11-02,14,2223,3,0,0,2
233,42,3000000.0,0,4,2005-11-03,14,2222,2,0,0,1
234,38,500000.0,1,4,2005-11-03,14,2222,2,0,0,2
235,59,2500000.0,0,4,2005-11-03,14,2223,3,0,0,2
236,43,2300000.0,1,4,2005-11-03,14,2223,3,0,0,2
237,46,5000.0,1,4,2005-11-04,14,2222,2,0,0,2
238,55,2500000.0,0,1,2005-11-04,14,2223,3,0,0,2
239,45,2500000.0,1,4,2005-11-11,14,2223,3,0,0,2
240,49,1350000.0,1,4,2005-11-07,14,2223,3,0,0,2
241,39,1350000.0,0,4,2005-11-07,14,2223,3,0,0,0
242,38,1800000.0,0,4,2006-01-06,13,2223,3,0,0,0
243,38,2800000.0,1,1,2006-01-12,13,2222,2,0,0,2
244,41,2500000.0,0,4,2006-01-12,13,2223,3,0,0,2
245,45,180000.0,1,4,2005-05-31,14,2212,1,0,0,1
246,66,7010000.0,1,1,2005-05-31,14,2223,3,0,0,2
247,48,5000000.0,0,4,2019-04-04,0,2222,2,0,0,2
248,43,8000000.0,1,4,2005-05-23,14,2222,2,0,0,0
249,36,1800.0,1,4,2005-05-24,14,2222,2,0,0,2
250,41,2000000.0,1,4,2005-05-23,14,2211,0,0,0,0
251,51,7000.0,1,4,2005-05-25,14,2211,0,0,0,1
252,56,1000000.0,0,4,2005-05-26,14,2223,3,0,0,0
253,41,2500000.0,0,1,2013-04-17,6,2222,2,0,0,0
254,43,1000000.0,1,4,2005-05-27,14,2222,2,0,0,0
255,34,1000000.0,1,4,2005-05-27,14,2223,3,0,0,1
256,50,2000000.0,1,4,2005-05-27,14,2223,3,0,0,1
257,41,7500000.0,0,1,2005-05-30,14,2222,2,0,0,0
258,39,1520000.0,1,1,2005-05-30,14,2223,3,0,0,1
259,40,1000000.0,1,1,2005-05-30,14,2223,3,0,0,1
260,56,6288000.0,0,1,2005-05-30,14,2223,3,0,0,2
261,34,500000.0,0,4,2005-05-30,14,2223,3,0,0,1
262,58,4706769.0,0,1,1994-11-09,25,2232,2,0,0,2
263,43,2000000.0,1,4,2005-06-07,14,2223,3,0,0,1
264,55,17880.0,1,4,2005-06-08,14,2222,2,0,0,1
265,39,2413473.0,1,1,2005-06-08,14,2223,3,0,0,1
266,37,1970182.0,0,4,2005-06-08,14,2212,1,0,0,2
267,24,500000.0,0,4,2005-06-08,14,2224,3,0,0,1
268,33,450000.0,0,4,2005-06-08,14,2222,2,0,0,1
269,33,100000.0,1,4,2005-06-08,14,2232,2,0,0,2
270,67,5000.0,1,1,2005-06-09,14,2223,3,0,1,5
271,59,17000000.0,1,4,2005-07-20,14,2223,3,0,0,2
272,37,3000.0,0,1,2005-07-22,14,2223,3,0,0,2
273,58,2000000.0,1,4,2005-07-22,14,2223,3,0,0,1
274,35,1605000.0,0,1,2005-07-25,14,2223,3,0,0,2
275,60,12577765.0,0,1,2005-07-26,14,2222,2,0,0,2
276,51,1000.0,0,4,2005-01-31,14,2222,2,0,0,1
277,41,2800000.0,1,4,2005-07-26,14,2223,3,0,0,0
278,45,2000000.0,1,4,2005-07-27,14,2223,3,0,0,1
279,44,2000.0,1,1,2005-06-01,14,2223,3,0,0,0
280,38,2000000.0,1,4,2005-06-02,14,2222,2,0,0,2
281,37,1850000.0,0,4,2005-06-02,14,2222,2,0,0,2
282,37,3500.0,0,4,2005-06-02,14,2222,2,0,0,0
283,43,2000000.0,0,4,2005-06-02,14,2223,3,0,0,1
284,48,12000000.0,1,4,2005-06-03,14,2211,0,0,0,0
285,28,400000.0,1,4,2005-06-03,14,2223,3,0,0,1
286,42,5000.0,1,1,2005-06-06,14,2222,2,0,0,2
287,61,2000000.0,1,4,2005-06-06,14,2223,3,0,0,2
288,51,2000000.0,0,1,2010-04-13,9,2223,3,0,0,2
289,35,200000.0,0,4,2005-06-07,14,2222,2,0,0,0
290,39,4000.0,0,4,2005-06-08,14,2223,3,0,0,1
291,67,5600000.0,0,1,2005-06-08,14,2223,3,0,1,3
292,46,2000000.0,0,1,2005-11-03,14,2222,2,0,0,2
293,57,3000.0,0,1,2005-11-03,14,2211,0,0,0,1
294,44,2145000.0,1,4,2005-11-03,14,2223,3,0,0,2
295,45,2145000.0,1,4,2005-11-03,14,2223,3,0,0,0
296,40,2000000.0,0,4,2005-11-03,14,2223,3,0,0,1
297,56,2300000.0,1,4,2005-11-03,14,2223,3,0,0,1
298,48,2500000.0,1,1,2005-11-04,14,2223,3,0,0,2
299,55,6180047.0,0,4,2005-11-07,14,2223,3,0,0,2
300,38,1280000.0,0,4,2005-11-07,14,2223,3,0,1,3
301,61,1350000.0,1,1,2005-11-07,14,2223,3,0,0,2
302,38,1000000.0,1,4,2006-01-06,13,2222,2,0,0,2
303,55,1200000.0,0,4,2006-01-09,13,2223,3,0,0,2
304,61,180000.0,1,1,2006-01-09,13,2223,3,0,0,2
305,49,5000.0,1,4,2006-01-11,13,2223,3,0,0,1
306,44,3000000.0,1,4,2006-01-11,13,2222,2,0,0,1
307,44,907.0,1,1,2006-01-12,13,2222,2,0,0,1
308,73,1000000.0,0,4,2005-06-09,14,2223,3,0,0,0
309,31,1000.0,0,4,2005-06-10,14,2212,1,0,0,1
310,56,2500.0,1,4,1995-03-28,24,2223,3,0,0,2
311,58,2000000.0,0,4,2005-06-10,14,2223,3,0,0,2
312,71,1000000.0,1,1,2005-06-09,14,2223,3,0,0,2
313,21,750000.0,0,4,2005-06-09,14,2223,3,0,0,1
314,16,2000.0,1,4,2005-06-09,14,2222,2,0,0,2
315,40,4000000.0,0,1,2005-06-09,14,2212,1,0,0,2
316,20,1000000.0,0,4,2005-06-09,14,2223,3,0,0,2
317,61,40000.0,1,0,1995-03-23,24,2212,1,0,0,0
318,16,2000000.0,0,4,2005-06-09,14,2222,2,0,1,3
319,50,2000000.0,1,4,2005-06-10,14,2223,3,0,0,1
320,32,1000000.0,0,4,2005-06-13,14,2223,3,0,0,0
321,48,6000000.0,1,1,2005-06-13,14,2235,2,0,0,2
322,36,2000000.0,0,4,2005-06-13,14,2222,2,0,0,2
323,44,9111960.0,1,1,2005-06-13,14,2222,2,0,0,2
324,48,1000000.0,0,1,2005-06-14,14,2222,2,0,0,2
325,60,150.0,0,4,2005-06-15,14,2223,3,0,0,2
326,54,400.0,1,4,2005-06-14,14,2235,2,0,0,1
327,43,430.0,0,4,2005-06-15,14,2223,3,0,0,2
328,49,3500.0,1,1,2005-06-15,14,2223,3,0,0,2
329,55,1000000.0,1,4,2005-06-15,14,2222,2,0,0,2
330,40,1000000.0,0,4,2005-06-08,14,2223,3,0,0,2
331,62,3500.0,1,4,2005-07-20,14,2223,3,0,0,0
332,60,2500000.0,0,1,2005-07-20,14,2223,3,0,0,0
333,48,3000000.0,1,0,2005-07-20,14,2222,2,0,0,0
334,38,2000000.0,1,4,2005-07-21,14,2223,3,0,0,0
335,45,50000000.0,0,1,2005-07-21,14,2223,3,0,0,0
336,28,1500000.0,0,4,2005-07-21,14,2222,2,0,1,3
337,63,3500.0,1,1,2005-07-25,14,2223,3,0,0,1
338,50,9500000.0,1,4,2005-07-26,14,2222,2,0,0,1
339,43,12998.0,1,1,2005-07-26,14,2222,2,0,0,2
340,40,1990000.0,1,4,2005-07-26,14,2223,3,0,0,1
341,49,10000000.0,0,1,2005-07-27,14,2222,2,0,0,2
342,40,1000000.0,1,4,2005-07-28,14,2223,3,0,0,0
343,58,2500000.0,0,4,2005-07-29,14,2223,3,0,0,0
344,41,25000000.0,1,4,2005-09-21,14,2230,0,0,0,0
345,61,5000000.0,1,4,2005-05-31,14,2222,2,0,0,0
346,50,2000.0,0,1,2005-07-12,14,2212,1,0,0,0
347,37,1000.0,0,4,2005-07-13,14,2223,3,0,0,1
348,41,1000.0,1,4,2005-07-14,14,2212,1,0,0,2
349,43,5031.0,1,4,2005-07-14,14,2223,3,0,0,0
350,42,100.0,1,4,2005-07-15,14,2222,2,0,0,1
351,18,500.0,1,4,2005-07-18,14,2223,3,0,0,2
352,40,4000000.0,0,1,2005-07-15,14,2222,2,0,0,2
353,61,2500.0,1,1,2005-07-18,14,2222,2,0,0,2
354,58,2500.0,1,5,2004-08-03,15,2223,3,0,0,2
355,72,2500000.0,0,4,2005-07-18,14,2222,2,0,0,1
356,64,2500.0,1,1,2005-07-18,14,2223,3,0,0,2
357,49,2500.0,1,1,2004-02-05,15,2223,3,0,0,2
358,47,5000000.0,1,4,2005-07-18,14,2222,2,0,0,2
359,43,3000.0,1,4,2005-07-19,14,2223,3,0,0,2
360,37,12000000.0,1,1,2005-07-19,14,2222,2,0,0,1
361,60,13000000.0,1,1,2005-06-10,14,2222,2,0,0,1
362,62,4000000.0,1,1,2005-06-13,14,2223,3,0,0,2
363,53,2000000.0,0,4,2005-06-14,14,2223,3,0,0,0
364,53,1000000.0,0,4,2005-06-14,14,2222,2,0,0,2
365,45,3500.0,0,4,2005-06-14,14,2222,2,0,0,0
366,59,2000.0,1,4,2005-06-14,14,2223,3,0,0,0
367,32,100000.0,0,1,2005-06-15,14,2223,3,0,0,1
368,59,1000000.0,1,4,2005-06-14,14,2223,3,0,0,1
369,55,2500000.0,0,1,2005-06-15,14,2223,3,0,0,2
370,33,0.0,1,4,2005-06-15,14,2223,3,0,0,1
371,20,1000000.0,0,4,2005-06-16,14,2222,2,0,0,0
372,54,10000000.0,1,0,2005-06-17,14,2222,2,0,0,0
373,66,2500000.0,1,4,2005-06-17,14,2223,3,0,0,2
374,49,3000000.0,0,0,2005-08-10,14,2222,2,0,0,0
375,23,180000.0,0,4,2005-08-11,14,2223,3,0,0,0
376,41,3750000.0,0,4,2005-08-11,14,2222,2,0,0,0
377,29,1000000.0,1,4,2005-08-12,14,2222,2,0,0,2
378,52,10000000.0,1,1,2005-07-26,14,2222,2,0,0,2
379,44,10000000.0,1,4,2005-07-26,14,2222,2,0,0,1
380,31,800000.0,1,4,2005-07-29,14,2223,3,0,0,1
381,39,0.0,1,1,2005-07-29,14,2223,3,0,0,0
382,32,1500000.0,1,4,2005-07-29,14,2223,3,0,0,1
383,38,2000000.0,1,4,2005-09-21,14,2222,2,0,0,0
384,41,1500000.0,0,4,2005-09-22,14,2223,3,0,0,2
385,39,1696.0,1,4,2005-09-22,14,2223,3,0,0,2
386,39,1500000.0,1,4,2005-09-22,14,2223,3,0,0,2
387,59,1500000.0,0,4,2005-09-23,14,2223,3,0,0,2
388,42,20425000.0,0,1,2005-09-27,14,2212,1,0,0,2
389,63,2711097.0,0,1,1998-09-09,21,2223,3,0,0,2
390,51,2000000.0,0,4,2005-09-23,14,2223,3,0,0,0
391,52,4400000.0,1,4,2005-09-23,14,2222,2,0,0,2
392,47,500000.0,1,4,2005-09-23,14,2222,2,0,0,0
393,68,4000.0,1,1,1991-11-09,28,2222,2,0,0,2
394,45,4000000.0,1,4,2005-09-27,14,2222,2,0,0,0
395,75,3995000.0,1,4,2005-09-27,14,2223,3,0,0,1
396,50,2500.0,1,4,2005-09-28,14,2222,2,0,0,2
397,24,200000.0,0,4,2005-09-21,14,2223,3,0,0,0
398,26,200000.0,0,4,2005-09-21,14,2223,3,0,0,0
399,36,1300000.0,1,4,2005-09-21,14,2223,3,0,0,1
400,55,1500000.0,0,4,2005-09-22,14,2223,3,0,0,0
401,38,1500000.0,1,4,2005-09-22,14,2222,2,0,0,0
402,40,5000000.0,1,4,2005-09-22,14,2222,2,0,0,2
403,34,500000.0,1,4,2005-09-22,14,2223,3,0,0,1
404,43,5000000.0,0,4,2005-09-22,14,2223,3,0,0,0
405,49,2500000.0,0,4,2005-09-22,14,2223,3,0,0,2
406,37,500.0,0,1,2005-09-22,14,2223,3,0,0,1
407,29,0.0,1,4,2005-09-22,14,2223,3,0,0,1
408,57,8000000.0,1,4,2005-09-23,14,2223,3,0,0,2
409,49,5648123.0,0,4,1998-09-17,21,2232,2,0,0,2
410,51,3750.0,1,1,2005-09-27,14,2223,3,0,0,0
411,43,39000.0,1,4,2005-09-27,14,2211,0,0,0,0
412,59,4900000.0,0,4,2005-09-27,14,2223,3,0,0,1
413,38,1000000.0,1,4,2005-09-27,14,2223,3,0,0,1
414,54,4000000.0,0,1,2005-09-27,14,2222,2,0,0,0
415,50,12061654.0,1,4,2005-09-28,14,2222,2,0,0,2
416,48,2500000.0,1,4,2005-06-16,14,2222,2,0,0,1
417,29,0.0,1,4,2005-06-16,14,2223,3,0,0,2
418,17,200000.0,1,4,2005-06-16,14,2224,3,0,0,0
419,56,6000.0,0,4,2005-06-16,14,2223,3,0,0,1
420,56,5000.0,0,4,2005-06-17,14,2222,2,0,0,2
421,33,100000.0,1,1,2005-06-21,14,2222,2,0,0,1
422,57,1676.0,0,1,2005-06-17,14,2222,2,0,0,2
423,33,1000000.0,0,4,2005-08-10,14,2222,2,0,0,0
424,18,500000.0,1,4,2005-08-11,14,2223,3,0,1,4
425,54,2000.0,0,1,2005-08-10,14,2211,0,0,0,0
426,38,5000000.0,1,4,2005-08-11,14,2223,3,0,0,2
427,59,5000000.0,0,4,2005-08-10,14,2223,3,0,0,2
428,50,10000000.0,0,4,2007-03-08,12,2223,3,0,0,1
429,14,100000.0,0,4,2005-08-11,14,2223,3,0,1,4
430,57,57000.0,0,4,1997-06-05,22,2223,3,0,0,0
431,41,10000000.0,0,4,2005-08-12,14,2222,2,0,0,1
432,41,1000000.0,1,4,2005-08-15,14,2223,3,0,0,1
433,54,25000.0,0,4,1997-07-10,22,2232,2,0,0,2
434,33,500000.0,1,4,2005-08-15,14,2223,3,0,0,0
435,59,16000000.0,1,1,2005-08-12,14,2212,1,0,0,2
436,14,10000000.0,1,4,2005-08-12,14,2223,3,0,1,5
437,41,20000.0,0,1,2005-08-12,14,2212,1,0,0,2
438,43,5000000.0,0,4,2005-08-15,14,2222,2,0,0,1
439,33,15000.0,1,1,2005-08-15,14,2223,3,0,0,2
440,59,4500000.0,1,1,2005-08-16,14,2223,3,0,0,1
441,45,4500000.0,1,4,2005-08-16,14,2222,2,0,0,1
442,40,4500000.0,1,4,2005-08-16,14,2222,2,0,0,2
443,53,1800000.0,1,4,2005-08-17,14,2223,3,0,0,0
444,37,1654.8,1,4,2005-08-17,14,2222,2,0,0,0
445,61,3500.0,1,0,2005-08-17,14,2222,2,0,0,1
446,49,4500000.0,1,4,2005-08-17,14,2222,2,0,0,2
447,50,2500.0,1,4,2005-10-06,14,2223,3,0,0,2
448,51,5000000.0,1,4,2005-10-07,14,2222,2,0,0,2
449,45,421.0,0,4,2005-10-07,14,2222,2,0,0,1
450,43,10000000.0,1,4,2005-10-07,14,2223,3,0,0,1
451,39,1000000.0,0,4,2005-10-07,14,2223,3,0,0,1
452,53,2500000.0,1,4,2005-10-07,14,2223,3,0,0,2
453,63,15000000.0,1,1,2005-10-10,14,2212,1,0,0,2
454,36,2208885.0,0,1,2005-10-12,14,2222,2,0,0,2
455,46,500000.0,0,4,2005-07-19,14,2222,2,0,0,2
456,60,3500.0,0,1,2005-07-19,14,2223,3,0,0,2
457,47,300.0,0,4,1998-12-17,21,2223,3,0,0,2
458,43,1500.0,1,1,2005-08-29,14,2212,1,0,0,0
459,47,2000000.0,1,4,2005-08-30,14,2222,2,0,0,1
460,45,10000000.0,1,1,2007-10-29,12,2222,2,0,0,2
461,39,50000.0,1,1,2005-09-01,14,2222,2,0,0,1
462,65,4500.0,1,1,2005-09-01,14,2211,0,0,0,1
463,63,6500.0,0,1,2005-09-05,14,2212,1,0,0,0
464,39,4570000.0,1,4,2005-09-06,14,2222,2,0,0,2
465,56,21000000.0,1,4,2005-09-05,14,2222,2,0,0,1
466,55,2500000.0,1,1,2005-09-05,14,2222,2,0,0,1
467,63,4500000.0,0,1,2005-09-05,14,2223,3,0,0,2
468,56,8321790.0,0,0,2005-09-06,14,2222,2,0,0,1
469,36,2500000.0,1,4,2005-09-06,14,2223,3,0,0,2
470,41,2000000.0,0,4,2005-09-29,14,2222,2,0,0,0
471,14,200000.0,1,4,2005-05-19,14,2223,3,0,0,2
472,46,48900.0,1,0,2005-05-20,14,2212,1,0,0,1
473,44,3000000.0,1,4,2005-05-20,14,2222,2,0,0,2
474,41,4000000.0,1,4,2005-05-23,14,2212,1,0,0,1
475,44,1200000.0,1,4,2005-05-24,14,2222,2,0,0,2
476,34,1000000.0,0,1,2005-05-24,14,2223,3,0,0,0
477,67,3000000.0,0,1,2005-05-24,14,2212,1,0,1,3
478,58,5000000.0,1,1,2005-05-24,14,2223,3,0,0,0
479,62,2023719.0,1,4,2005-05-24,14,2223,3,0,0,2
480,40,22000.0,1,4,2005-05-25,14,2222,2,0,0,1
481,41,500000.0,1,4,2005-05-26,14,2222,2,0,0,0
482,43,4000000.0,0,1,2005-05-27,14,2212,1,0,0,0
483,57,1000000.0,0,1,2005-05-27,14,2223,3,0,0,2
484,54,5000.0,1,4,2005-05-30,14,2223,3,0,0,2
485,34,500000.0,0,4,2005-05-30,14,2223,3,0,0,1
486,46,2100000.0,1,4,2005-05-31,14,2223,3,0,0,1
487,40,3000000.0,0,4,2005-07-12,14,2223,3,0,0,0
488,52,17000000.0,0,1,2005-07-13,14,2223,3,0,0,2
489,39,13000.0,0,4,2005-05-19,14,2223,3,0,0,2
490,59,2000000.0,1,1,2005-05-20,14,2223,3,0,0,2
491,35,1000.0,0,4,2005-05-20,14,2223,3,0,0,0
492,49,2556.0,1,4,2005-05-23,14,2223,3,0,0,0
493,34,200000.0,1,1,2005-05-23,14,2222,2,0,0,0
494,41,3500000.0,1,4,2005-05-23,14,2222,2,0,0,2
495,62,2098000.0,1,4,2005-05-23,14,2223,3,0,0,2
496,35,1000000.0,1,4,2005-05-24,14,2222,2,0,0,0
497,45,7116635.0,1,4,1994-08-19,25,2223,3,0,0,1
498,41,10000000.0,0,4,2005-05-24,14,2222,2,0,0,2
499,23,100000.0,0,4,2005-05-25,14,2223,3,0,0,0
500,34,2000000.0,1,4,2005-05-25,14,2222,2,0,0,0
501,63,500000.0,1,4,2005-07-08,14,2222,2,0,0,1
502,56,10000000.0,0,4,2005-05-26,14,2223,3,0,0,1
503,33,1500000.0,0,4,2005-05-27,14,2222,2,0,0,2
504,49,2400.0,0,1,2005-05-27,14,2223,3,0,0,2
505,49,1000000.0,1,4,2005-05-27,14,2223,3,0,0,2
506,40,4000000.0,1,4,2005-05-27,14,2223,3,0,0,0
507,63,209.0,0,4,2005-05-27,14,2223,3,0,0,0
508,65,1000000.0,0,1,2005-05-27,14,2223,3,0,0,1
509,52,8000.0,1,1,1994-11-04,25,2211,0,0,0,2
510,41,5000.0,1,4,2005-05-20,14,2222,2,0,0,0
511,48,15000000.0,1,0,2005-05-20,14,2211,0,0,0,2
512,77,12500000.0,0,1,2005-05-23,14,2223,3,0,0,1
513,44,1000000.0,1,4,2005-05-24,14,2222,2,0,0,0
514,24,1500.0,1,4,2005-05-24,14,2222,2,0,0,2
515,46,3000.0,0,4,2005-05-26,14,2223,3,0,0,2
516,67,10000000.0,1,5,2005-05-25,14,2212,1,0,0,1
517,42,2000.0,1,4,2005-05-26,14,2222,2,0,0,1
518,40,10000000.0,1,4,2005-05-26,14,2223,3,0,0,2
519,34,2000000.0,0,4,2005-05-27,14,2222,2,0,0,1
520,53,15000000.0,0,1,2015-06-04,4,2222,2,0,0,0
521,53,10000000.0,0,4,2018-02-23,1,2211,0,0,0,2
522,36,500000.0,0,1,2005-05-27,14,2222,2,0,0,1
523,35,750000.0,1,4,2005-07-12,14,2222,2,0,0,2
524,44,9759.96,1,1,1996-05-02,23,2231,1,0,0,2
525,71,30000.0,1,1,2005-07-13,14,2222,2,0,1,3
526,68,3750000.0,0,4,2005-09-28,14,2222,2,0,0,0
527,67,4500000.0,1,5,2005-09-28,14,2223,3,0,0,2
528,46,2850000.0,0,2,2005-09-28,14,2222,2,0,0,0
529,42,1000000.0,0,4,2005-09-28,14,2223,3,0,0,0
530,30,1500000.0,0,4,2005-11-18,14,2212,1,0,0,1
531,34,1000.0,0,4,2005-11-21,14,2223,3,0,0,1
532,59,1350000.0,1,4,2005-11-23,14,2223,3,0,0,2
533,45,5000000.0,1,1,2005-11-22,14,2222,2,0,0,1
534,44,5000000.0,1,4,2005-11-22,14,2211,0,0,0,2
535,43,8000.0,1,1,2005-11-23,14,2222,2,0,0,0
536,40,200.0,1,4,2005-11-22,14,2222,2,0,0,2
537,42,4000000.0,0,4,2005-11-23,14,2222,2,0,0,2
538,52,2000000.0,1,4,2005-11-23,14,2223,3,0,0,2
539,53,22615005.0,0,4,2005-11-24,14,2223,3,0,1,5
540,57,1500000.0,1,4,2005-11-24,14,2223,3,0,0,1
541,39,200.0,1,4,2005-11-24,14,2223,3,0,0,1
542,40,200.0,0,4,2005-11-24,14,2223,3,0,0,1
543,64,5000000.0,0,4,2005-08-16,14,2223,3,0,1,5
544,44,25000000.0,1,1,2005-08-16,14,2212,1,0,0,2
545,38,2098000.0,0,4,2005-08-17,14,2222,2,0,0,1
546,51,4500000.0,1,4,2005-08-17,14,2223,3,0,0,1
547,48,3750000.0,0,4,2005-10-06,14,2223,3,0,0,1
548,52,4000000.0,0,4,2017-04-10,2,2223,3,0,0,2
549,48,2750000.0,0,4,2005-10-06,14,2223,3,0,0,2
550,45,1000.0,0,4,2005-10-06,14,2223,3,0,0,1
551,63,10000.0,0,1,2005-10-07,14,2222,2,0,0,1
552,35,250000.0,1,1,2005-10-07,14,2223,3,0,0,1
553,60,2250.0,1,4,2005-10-10,14,2223,3,0,0,0
554,52,2500000.0,1,4,2005-10-10,14,2223,3,0,0,2
555,53,2000000.0,0,4,2005-10-10,14,2223,3,0,0,2
556,46,60000.0,0,4,2005-10-07,14,2222,2,0,0,1
557,47,500000.0,0,1,2005-10-10,14,2223,3,0,0,2
558,42,1000000.0,0,4,2005-10-12,14,2222,2,0,0,1
559,61,600.0,1,4,2005-07-14,14,2222,2,0,0,1
560,36,5000000.0,1,4,2005-07-14,14,2222,2,0,0,1
561,43,15000000.0,1,4,2005-07-15,14,2212,1,0,0,0
562,38,1000000.0,1,4,2005-07-15,14,2222,2,0,0,2
563,45,8870.0,1,1,2005-07-15,14,2222,2,0,0,0
564,38,2000000.0,0,4,2005-07-15,14,2236,1,0,0,2
565,42,5000000.0,1,1,2005-07-18,14,2212,1,0,0,0
566,55,1500000.0,1,4,2005-07-15,14,2223,3,0,0,0
567,40,1000.0,1,1,2005-07-15,14,2211,0,0,0,2
568,81,1120000.0,1,5,2005-07-15,14,2223,3,0,0,0
569,60,5000000.0,1,1,1991-11-09,28,2223,3,0,0,0
570,72,2500.0,1,1,2005-07-18,14,2223,3,0,0,2
571,56,2500.0,1,4,2005-07-18,14,2222,2,0,0,2
572,48,2500.0,0,4,2005-07-18,14,2232,2,0,0,0
573,43,1000000.0,0,1,2005-07-21,14,2222,2,0,0,0
574,63,2000000.0,0,1,2005-07-18,14,2222,2,0,0,2
575,48,3500.0,0,4,2005-07-19,14,2223,3,0,0,0
576,65,3000.0,1,4,2005-07-19,14,2223,3,0,0,2
577,51,1500.0,1,4,2005-10-12,14,2223,3,0,0,0
578,40,1500000.0,1,4,2005-10-12,14,2223,3,0,0,1
579,44,1350.0,0,1,2005-10-12,14,2222,2,0,0,0
580,39,1466670.0,1,4,2005-10-12,14,2223,3,0,0,1
581,50,3096555.0,1,4,2005-10-12,14,2223,3,0,0,1
582,43,1500000.0,1,4,2005-10-13,14,2223,3,0,0,2
583,64,1000000.0,1,1,2005-10-13,14,2222,2,0,0,1
584,51,2500000.0,0,4,2005-10-13,14,2223,3,0,0,2
585,46,2500000.0,0,4,2005-10-13,14,2223,3,0,0,2
586,53,10000000.0,1,4,2005-10-13,14,2223,3,0,0,1
587,44,1350000.0,0,4,2005-11-07,14,2223,3,0,0,2
588,34,2500.0,1,4,2005-11-08,14,2222,2,0,0,1
589,41,1500000.0,1,4,2005-11-09,14,2223,3,0,0,1
590,45,15975.0,0,4,2005-11-09,14,2212,1,0,0,2
591,70,12000.0,0,4,1991-11-09,28,2212,1,0,0,2
592,31,350000.0,0,4,2005-11-09,14,2223,3,0,0,0
593,42,1500000.0,1,4,2005-11-11,14,2223,3,0,0,1
594,30,2000.0,1,4,2005-11-11,14,2223,3,0,0,2
595,66,5000000.0,1,1,1999-02-02,20,2223,3,0,1,5
596,43,5000000.0,1,4,2005-10-11,14,2230,0,0,0,2
597,64,2500000.0,0,1,2005-10-13,14,2223,3,0,0,1
598,50,2850000.0,1,4,2005-10-13,14,2222,2,0,0,1
599,51,1500000.0,1,4,2005-10-12,14,2223,3,0,0,2
600,52,1000000.0,1,4,2005-10-12,14,2223,3,0,0,0
601,49,1500000.0,1,4,2005-10-12,14,2223,3,0,0,2
602,32,500000.0,1,4,2005-10-13,14,2222,2,0,0,0
603,42,1500000.0,0,4,2005-10-12,14,2223,3,0,0,1
604,47,2500.0,1,4,2005-10-12,14,2223,3,0,0,2
605,52,1500000.0,1,4,2005-10-12,14,2223,3,0,0,2
606,17,500000.0,1,4,2005-10-12,14,2223,3,0,0,0
607,54,5000.0,0,4,1999-02-23,20,2224,3,0,0,2
608,58,4628875.0,0,1,2005-10-12,14,2223,3,0,0,1
609,56,27597518.0,0,4,2005-10-13,14,2223,3,0,1,4
610,40,1000.0,0,4,2002-06-24,17,2223,3,0,0,2
611,37,2500000.0,1,4,2005-10-13,14,2222,2,0,0,1
612,43,486.0,1,4,2005-10-13,14,2222,2,0,0,0
613,38,2500000.0,1,4,2005-10-13,14,2223,3,0,0,0
614,42,54000.0,0,4,2005-11-25,14,2223,3,0,0,2
615,53,2500.0,1,4,2006-01-18,13,2223,3,0,0,0
616,32,1000000.0,0,4,2006-01-19,13,2223,3,0,0,1
617,41,2000000.0,0,4,2006-01-19,13,2223,3,0,0,1
618,59,6000000.0,0,4,2006-01-19,13,2222,2,0,0,2
619,40,650.0,1,4,2006-01-19,13,2212,1,0,0,2
620,54,5000.0,0,4,2006-01-20,13,2223,3,0,0,0
621,53,6500000.0,1,0,2006-01-20,13,2236,1,0,0,1
622,54,5000000.0,0,4,2006-01-24,13,2222,2,0,0,1
623,57,1500.0,0,1,2005-06-20,14,2223,3,0,0,0
624,52,2000000.0,1,4,2005-06-21,14,2223,3,0,0,2
625,53,2000000.0,0,4,2005-06-21,14,2223,3,0,0,0
626,64,1000000.0,0,1,2005-06-21,14,2223,3,0,0,2
627,64,1000000.0,0,4,2015-01-05,4,2223,3,0,0,1
628,63,200000.0,1,4,2005-06-21,14,2222,2,0,0,1
629,59,4770495.0,1,4,2005-11-11,14,2222,2,0,0,0
630,48,3454735.0,0,4,2005-11-14,14,2222,2,0,0,0
631,43,1481092.0,0,4,2005-11-14,14,2223,3,0,0,1
632,57,4770458.0,1,4,2005-11-15,14,2223,3,0,0,2
633,48,1328224.0,1,4,2005-11-15,14,2223,3,0,0,0
634,53,9250000.0,0,4,2005-11-14,14,2223,3,0,0,1
635,55,5000.0,1,4,2005-11-14,14,2222,2,0,0,2
636,47,5000.0,0,4,2005-11-15,14,2223,3,0,0,2
637,60,1455938.0,1,4,2005-11-15,14,2223,3,0,0,2
638,55,2185650.0,0,4,2005-11-16,14,2223,3,0,0,0
639,47,1277139.0,0,4,2005-11-16,14,2223,3,0,0,2
640,45,2000000.0,0,4,2005-11-16,14,2223,3,0,0,2
641,44,2500000.0,0,4,2005-11-17,14,2223,3,0,0,0
642,31,1500000.0,1,4,2006-02-21,13,2211,0,0,0,0
643,43,2500.0,1,4,2006-02-22,13,2223,3,0,0,2
644,60,9000000.0,1,4,2006-02-24,13,2223,3,0,0,0
645,14,200000.0,1,4,2006-02-23,13,2223,3,0,0,0
646,49,2500000.0,1,4,2005-11-08,14,2223,3,0,0,2
647,42,1500000.0,1,4,2005-11-09,14,2223,3,0,0,0
648,36,3000000.0,1,1,2005-11-09,14,2222,2,0,0,2
649,55,1500000.0,1,5,2005-11-10,14,2223,3,0,0,0
650,41,200000.0,0,1,2005-11-11,14,2222,2,0,0,0
651,37,1481092.0,1,4,2005-11-14,14,2223,3,0,0,2
652,56,2591052.0,1,4,2005-11-14,14,2223,3,0,0,2
653,49,4302.0,1,4,2005-11-15,14,2223,3,0,0,0
654,38,300000.0,0,4,2005-11-14,14,2223,3,0,0,1
655,42,1277139.0,1,4,2005-11-15,14,2223,3,0,0,2
656,41,8000000.0,1,4,2005-11-16,14,2223,3,0,0,2
657,35,5000.0,1,4,2005-11-16,14,2222,2,0,0,0
658,53,2185650.0,0,4,2005-11-16,14,2223,3,0,0,0
659,47,1833125.0,0,4,2005-11-16,14,2223,3,0,0,2
660,57,20000000.0,0,1,2006-02-20,13,2223,3,0,1,3
661,42,2470.0,0,4,2006-02-20,13,2223,3,0,0,1
662,51,3148562.0,1,3,2005-05-19,14,2223,3,0,0,1
663,56,10000000.0,1,4,2005-05-20,14,2222,2,0,0,0
664,51,3000.0,1,1,2005-05-20,14,2222,2,0,0,0
665,27,1000000.0,0,4,2005-05-20,14,2222,2,0,0,0
666,33,1000000.0,0,4,2005-06-22,14,2222,2,0,0,1
667,59,2500.0,1,1,2005-06-23,14,2223,3,0,1,3
668,43,250.0,0,4,2005-06-24,14,2223,3,0,0,1
669,37,180000.0,1,1,2005-06-23,14,2222,2,0,0,2
670,61,1000.0,0,4,2004-08-24,15,2223,3,0,0,0
671,38,3500000.0,0,4,2005-06-24,14,2222,2,0,0,2
672,55,500.0,1,4,2005-06-24,14,2223,3,0,0,0
673,40,400.0,1,1,2005-06-27,14,2222,2,0,0,2
674,55,180000.0,0,4,2005-06-27,14,2223,3,0,0,2
675,44,6500000.0,1,1,2015-05-25,4,2223,3,0,0,0
676,60,3500.0,0,1,2005-06-28,14,2223,3,0,0,2
677,47,8133297.0,1,0,1995-11-14,24,2232,2,0,0,0
678,50,2000000.0,1,4,2005-06-29,14,2223,3,0,0,0
679,40,1000.0,1,1,2005-06-29,14,2211,0,0,0,2
680,26,500000.0,0,4,2005-07-29,14,2222,2,0,0,1
681,49,3000000.0,0,1,2005-07-29,14,2223,3,0,0,1
682,42,2400000.0,1,1,2006-02-23,13,2223,3,0,0,1
683,45,246.0,1,4,2006-02-24,13,2223,3,0,0,0
684,35,4000.0,1,1,2006-02-24,13,2223,3,0,0,2
685,49,200.0,0,4,2006-02-24,13,2223,3,0,0,2
686,54,6000.0,0,1,2006-02-25,13,2223,3,0,0,0
687,57,21000000.0,1,1,2006-02-27,13,2212,1,0,0,2
688,56,400.0,1,1,2006-02-27,13,2223,3,0,0,1
689,45,1500000.0,0,4,2006-02-27,13,2222,2,0,0,2
690,29,1000000.0,0,4,2006-02-27,13,2223,3,0,0,1
691,34,700000.0,0,4,2006-02-28,13,2222,2,0,0,2
692,44,3500000.0,0,4,2006-02-28,13,2223,3,0,0,0
693,36,1000000.0,0,4,2005-05-31,14,2223,3,0,0,2
694,42,2500.0,1,4,2005-06-01,14,2223,3,0,0,0
695,51,2000000.0,0,4,2005-06-02,14,2223,3,0,0,2
696,44,4000000.0,1,4,2006-11-29,13,2223,3,0,0,0
697,51,2500000.0,1,1,2005-06-03,14,2223,3,0,0,0
698,53,3140301.0,1,4,2005-06-06,14,2223,3,0,0,1
699,46,3000000.0,0,4,2005-06-06,14,2222,2,0,0,0
700,47,4000000.0,1,1,2005-06-06,14,2222,2,0,0,0
701,38,4000000.0,0,4,2005-05-24,14,2223,3,0,0,1
702,72,400.0,1,1,2005-07-28,14,2222,2,0,0,0
703,34,2000000.0,0,4,2005-05-23,14,2223,3,0,0,0
704,51,100.0,1,4,2005-05-23,14,2223,3,0,0,1
705,37,5000000.0,1,1,2005-05-24,14,2222,2,0,0,2
706,43,4706769.0,0,4,1994-08-31,25,2232,2,0,0,0
707,55,8000000.0,1,1,2005-05-27,14,2222,2,0,0,2
708,37,7000000.0,1,4,2005-05-27,14,2222,2,0,0,2
709,79,2000000.0,0,1,2005-05-30,14,2223,3,0,1,5
710,38,1000000.0,0,4,2005-05-31,14,2223,3,0,0,0
711,40,3000000.0,0,4,2005-07-12,14,2223,3,0,0,0
712,52,10000.0,1,4,2005-07-14,14,2212,1,0,0,2
713,55,1500000.0,0,4,2005-07-14,14,2223,3,0,0,1
714,62,3000000.0,0,1,2005-07-14,14,2223,3,0,0,1
715,57,9000.0,0,4,2005-07-15,14,2223,3,0,0,2
716,57,2500.0,1,1,2005-07-18,14,2222,2,0,0,0
717,47,2500.0,1,4,2005-07-16,14,2223,3,0,0,1
718,62,2300.0,1,1,2005-08-01,14,2222,2,0,0,0
719,74,3000.0,0,1,2005-08-01,14,2222,2,0,0,1
720,58,4000.0,0,1,2005-08-02,14,2222,2,0,0,0
721,40,3500.0,1,4,2005-08-01,14,2223,3,0,0,2
722,44,2000000.0,1,4,2005-08-02,14,2222,2,0,0,2
723,41,0.0,1,4,2005-08-04,14,2223,3,0,0,1
724,57,2500000.0,0,1,2005-08-04,14,2223,3,0,0,0
725,59,3000.0,0,4,2005-08-05,14,2222,2,0,0,0
726,46,2000000.0,0,1,2005-08-05,14,2222,2,0,0,2
727,43,3000000.0,1,4,2005-08-05,14,2223,3,0,0,2
728,56,2500.0,1,4,2005-08-05,14,2223,3,0,0,0
729,41,1500000.0,1,4,2005-08-05,14,2222,2,0,0,1
730,48,3000000.0,1,4,2005-08-08,14,2222,2,0,0,2
731,49,3000000.0,0,4,2005-08-08,14,2222,2,0,0,2
732,70,5000.0,1,4,2005-09-13,14,2223,3,0,0,1
733,41,1000000.0,1,4,2005-09-13,14,2223,3,0,0,1
734,46,2418316.0,0,4,2005-09-15,14,2223,3,0,0,0
735,17,200000.0,1,4,2011-08-15,8,2223,3,0,0,0
736,44,1800.0,0,4,2005-09-15,14,2223,3,0,0,1
737,59,5000000.0,1,1,2011-05-24,8,2223,3,0,1,5
738,53,5000000.0,1,1,2011-08-10,8,2212,1,0,0,0
739,43,5000.0,0,4,2005-07-13,14,2223,3,0,0,2
740,29,200000.0,1,4,2005-07-14,14,2223,3,0,0,1
741,41,4600000.0,1,4,2005-07-15,14,2222,2,0,0,0
742,43,5500000.0,1,4,2005-07-15,14,2222,2,0,1,5
743,45,2500.0,1,4,2005-07-18,14,2223,3,0,0,1
744,58,2500.0,0,1,2005-07-16,14,2223,3,0,0,2
745,61,2500000.0,1,1,2005-07-18,14,2223,3,0,0,2
746,43,2500.0,1,4,2005-07-16,14,2222,2,0,0,0
747,61,2500.0,1,1,2005-07-20,14,2223,3,0,0,2
748,47,2800000.0,1,4,2005-07-18,14,2223,3,0,0,1
749,50,7500000.0,1,1,2005-07-18,14,2235,2,0,0,2
750,57,3500.0,1,4,2005-07-19,14,2223,3,0,0,2
751,51,23000.0,0,1,2005-07-19,14,2211,0,0,0,1
752,77,2000000.0,0,1,2005-07-19,14,2223,3,0,0,0
753,55,3500.0,0,1,2005-07-19,14,2223,3,0,0,2
754,41,3000000.0,1,4,2005-07-19,14,2222,2,0,0,2
755,54,3000.0,1,1,2005-07-13,14,2223,3,0,0,0
756,66,10000000.0,0,5,2005-07-14,14,2222,2,0,0,1
757,37,5500000.0,0,4,2005-07-14,14,2223,3,0,0,1
758,42,1500000.0,0,4,2005-07-15,14,2236,1,0,0,1
759,55,8083.0,1,1,2005-07-15,14,2223,3,0,0,2
760,42,1000000.0,0,1,2005-07-15,14,2222,2,0,0,2
761,57,2500.0,0,4,2005-07-16,14,2212,1,0,0,2
762,65,2500.0,0,1,2005-07-18,14,2223,3,0,0,1
763,45,2500.0,0,4,2005-07-18,14,2223,3,0,0,2
764,59,2500000.0,0,4,2005-07-18,14,2223,3,0,0,1
765,50,22198.18,1,4,2005-07-18,14,2223,3,0,0,2
766,33,0.0,0,1,2005-07-18,14,2222,2,0,0,0
767,53,2000000.0,0,4,2005-07-18,14,2223,3,0,0,1
768,58,7000000.0,0,1,2005-07-19,14,2222,2,0,0,2
769,52,450.0,0,1,2005-07-19,14,2211,0,0,0,0
770,62,3000.0,1,1,2005-07-19,14,2223,3,0,0,1
771,58,3000000.0,0,4,2005-07-19,14,2223,3,0,0,0
772,52,5000000.0,0,0,2005-07-20,14,2222,2,0,0,1
773,69,2500.0,1,0,2005-07-18,14,2223,3,0,0,2
774,57,2500.0,1,1,2005-07-18,14,2222,2,0,0,1
775,47,6000.0,0,1,2005-07-18,14,2222,2,0,0,1
776,49,2500.0,0,4,2005-07-18,14,2223,3,0,0,2
777,69,2500.0,0,1,2005-07-16,14,2223,3,0,0,2
778,66,2500.0,1,4,2005-07-18,14,2222,2,0,0,0
779,61,2500.0,0,1,2005-07-18,14,2223,3,0,0,1
780,40,5000000.0,1,4,2005-07-18,14,2222,2,0,0,2
781,47,3500.0,0,1,2005-07-19,14,2223,3,0,0,2
782,36,3000.0,0,4,2005-07-19,14,2223,3,0,0,0
783,31,1000.0,1,1,2005-07-19,14,2222,2,0,0,1
784,39,3000.0,1,4,2005-07-19,14,2222,2,0,0,1
785,86,500000.0,1,1,2005-07-19,14,2223,3,0,1,5
786,62,5000000.0,0,1,2005-08-29,14,2223,3,0,0,1
787,37,3500000.0,1,4,2005-08-30,14,2223,3,0,0,2
788,50,3000000.0,0,4,2005-09-02,14,2222,2,0,0,0
789,59,5000.0,0,1,1998-01-20,21,2222,2,0,0,2
790,40,3000.0,1,4,2005-09-02,14,2222,2,0,0,1
791,72,1.0,0,1,1998-01-20,21,2223,3,0,0,1
792,37,2500000.0,0,4,2005-09-02,14,2223,3,0,0,1
793,66,3000000.0,0,4,2005-07-19,14,2223,3,0,0,2
794,60,3000.0,0,4,2005-07-19,14,2223,3,0,0,2
795,52,1000.0,0,4,2005-07-20,14,2223,3,0,0,2
796,41,100.0,1,1,2005-07-20,14,2212,1,0,0,0
797,33,0.0,1,4,2005-08-31,14,2223,3,0,0,1
798,57,2118000.0,0,4,2005-09-01,14,2223,3,0,0,0
799,56,600.0,0,4,2005-09-01,14,2223,3,0,0,0
800,30,1500000.0,1,4,2005-09-02,14,2222,2,0,0,2
801,47,10000.0,1,1,2005-09-02,14,2230,0,0,0,1
802,42,7950000.0,0,4,2005-09-06,14,2222,2,0,1,3
803,37,1500000.0,0,4,2005-09-05,14,2234,3,0,0,2
804,55,3657351.0,0,4,2005-09-05,14,2222,2,0,0,0
805,42,6550000.0,0,1,2005-09-05,14,2222,2,0,0,0
806,43,9500000.0,1,4,2005-09-05,14,2222,2,0,0,1
807,48,1826.0,1,4,2005-09-05,14,2222,2,0,0,2
808,35,3000000.0,1,4,2005-09-05,14,2222,2,0,0,0
809,39,18492.0,0,4,2005-09-05,14,2223,3,0,0,1
810,50,20000000.0,1,1,2005-09-06,14,2222,2,0,0,2
811,68,2000000.0,1,1,2005-09-06,14,2223,3,0,0,2
812,69,2000.0,0,1,2005-09-20,14,2222,2,0,0,2
813,34,4500000.0,0,4,2005-09-16,14,2222,2,0,0,1
814,56,2000000.0,0,1,2005-09-16,14,2223,3,0,0,1
815,37,1000000.0,0,1,2005-09-16,14,2222,2,0,0,1
816,19,350000.0,1,4,2005-09-19,14,2223,3,0,0,2
817,37,3000000.0,1,1,2005-09-19,14,2222,2,0,0,0
818,65,10000000.0,1,4,2005-09-20,14,2222,2,0,0,0
819,40,3800000.0,0,4,2005-09-20,14,2222,2,0,0,2
820,40,3500000.0,0,4,2005-09-21,14,2223,3,0,0,0
821,35,5000000.0,0,1,2005-09-21,14,2222,2,0,0,2
822,43,2000000.0,0,1,2005-09-21,14,2223,3,0,0,1
823,41,2000000.0,1,4,2005-12-28,14,2222,2,0,0,2
824,54,3000000.0,1,4,2005-12-29,14,2223,3,0,0,2
825,52,3000000.0,1,4,2005-12-28,14,2223,3,0,0,2
826,46,3000000.0,1,4,2005-12-28,14,2223,3,0,0,2
827,59,3000000.0,0,1,2005-12-28,14,2223,3,0,0,1
828,48,3000.0,1,1,2007-10-24,12,2212,1,0,0,1
829,47,15000.0,0,1,2006-01-03,13,2222,2,0,0,2
830,42,3500000.0,1,4,2006-01-03,13,2223,3,0,1,5
831,66,5000.0,0,1,2006-01-03,13,2222,2,0,0,0
832,36,2500000.0,0,4,2006-01-03,13,2223,3,0,0,2
833,46,6000000.0,1,4,2005-07-20,14,2222,2,0,0,1
834,22,180000.0,1,1,2005-08-26,14,2223,3,0,0,1
835,29,180000.0,1,4,2005-08-26,14,2223,3,0,0,0
836,39,2000000.0,0,4,2005-12-15,14,2223,3,0,1,5
837,45,5000000.0,0,4,2016-11-15,3,2223,3,0,0,1
838,61,3200.0,0,1,2005-08-30,14,2222,2,0,0,2
839,45,500000.0,0,4,2005-08-30,14,2223,3,0,0,1
840,47,10000.0,1,1,1997-12-15,22,2212,1,0,0,0
841,41,2000000.0,1,4,2005-08-30,14,2223,3,0,0,1
842,39,2831666.0,0,4,2005-08-31,14,2223,3,0,0,2
843,49,2425.0,1,4,2005-08-31,14,2223,3,0,0,2
844,34,1500000.0,1,4,2005-08-31,14,2222,2,0,0,2
845,47,19366.0,1,1,2005-09-02,14,2222,2,0,0,2
846,50,15000000.0,1,1,2005-09-02,14,2222,2,0,0,2
847,38,200000.0,1,4,2005-09-05,14,2222,2,0,0,0
848,47,4166000.0,1,1,1998-02-17,21,2222,2,0,0,1
849,41,1000000.0,1,4,2005-09-06,14,2212,1,0,0,0
850,64,5000000.0,0,1,2005-09-29,14,2222,2,0,1,3
851,47,500000.0,0,4,2005-09-29,14,2223,3,0,0,0
852,74,10000000.0,0,1,2005-09-29,14,2222,2,0,1,5
853,37,1000000.0,1,1,2005-09-29,14,2223,3,0,0,2
854,59,1850000.0,0,4,2005-09-29,14,2223,3,0,0,2
855,49,2750000.0,0,4,2005-09-29,14,2222,2,0,0,1
856,46,2000.0,1,1,2005-09-30,14,2223,3,0,0,1
857,39,2500000.0,0,1,2005-09-30,14,2222,2,0,0,1
858,49,1000000.0,1,4,2005-09-30,14,2223,3,0,0,2
859,55,2500000.0,0,4,2005-09-30,14,2223,3,0,0,2
860,49,1000000.0,1,4,2005-09-30,14,2223,3,0,0,2
861,59,2500000.0,1,4,2005-09-30,14,2223,3,0,0,1
862,50,2500000.0,1,4,2005-09-30,14,2222,2,0,0,1
863,58,33000.0,0,1,1998-11-25,21,2223,3,0,0,1
864,52,2500000.0,0,4,2005-09-30,14,2223,3,0,0,2
865,57,43000000.0,1,4,2005-10-03,14,2222,2,0,0,1
866,44,3500000.0,0,1,2005-10-03,14,2222,2,0,0,2
867,63,300.0,0,0,2005-10-06,14,2223,3,0,0,1
868,34,3000.0,1,4,2005-10-28,14,2223,3,0,0,1
869,56,5000.0,1,0,2005-09-29,14,2211,0,0,0,0
870,37,1000.0,1,1,2005-09-29,14,2223,3,0,0,1
871,36,3000000.0,1,4,2005-09-29,14,2223,3,0,0,0
872,39,2417.37,1,4,2005-09-29,14,2223,3,0,0,0
873,62,3500000.0,0,1,2005-09-30,14,2223,3,0,1,5
874,43,2500.0,1,4,2005-09-30,14,2223,3,0,0,2
875,52,2100000.0,1,4,2005-09-30,14,2223,3,0,0,2
876,54,1500000.0,1,1,2005-09-30,14,2223,3,0,0,2
877,45,1850000.0,0,4,2005-09-30,14,2223,3,0,0,2
878,37,1500000.0,1,4,2005-09-30,14,2223,3,0,0,2
879,46,3000.0,1,4,2005-09-30,14,2223,3,0,0,2
880,43,2500000.0,1,1,2005-09-30,14,2223,3,0,0,2
881,52,2500.0,1,4,2005-09-30,14,2223,3,0,0,2
882,53,2850000.0,0,1,2005-09-30,14,2222,2,0,0,2
883,44,1500000.0,0,4,2005-09-30,14,2222,2,0,0,2
884,48,1850000.0,1,4,2005-09-30,14,2223,3,0,0,2
885,38,2500000.0,1,4,2005-10-03,14,2223,3,0,0,0
886,22,1000000.0,1,4,2005-10-05,14,2222,2,0,0,0
887,36,2500000.0,1,4,2005-10-05,14,2222,2,0,0,1
888,50,1000000.0,0,4,2005-09-28,14,2223,3,0,0,0
889,56,2500000.0,0,4,2005-11-17,14,2223,3,0,0,1
890,38,500000.0,1,4,2005-11-18,14,2223,3,0,1,5
891,60,3000000.0,1,4,2005-11-21,14,2223,3,0,0,2
892,59,50000000.0,1,4,2008-12-11,11,2222,2,0,0,1
893,34,4000.0,0,4,2005-11-21,14,2223,3,0,0,1
894,41,13800000.0,0,4,2005-11-21,14,2222,2,0,0,2
895,18,2000.0,1,4,2005-11-21,14,2223,3,0,0,0
896,29,500000.0,0,4,2005-11-22,14,2222,2,0,0,1
897,47,2500000.0,0,4,2005-11-22,14,2222,2,0,0,1
898,54,2185650.0,1,4,2005-11-22,14,2223,3,0,0,2
899,46,200.0,1,4,2005-11-22,14,2223,3,0,0,0
900,38,500000.0,1,4,2005-11-23,14,2223,3,0,0,1
901,35,2600.0,1,4,2005-11-23,14,2223,3,0,0,0
902,37,2500000.0,1,4,2005-11-24,14,2223,3,0,0,1
903,38,3000000.0,0,4,2005-11-24,14,2222,2,0,0,2
904,46,3000000.0,1,4,2005-11-24,14,2223,3,0,0,2
905,33,5500.0,1,4,2005-11-24,14,2223,3,0,0,2
906,53,48500000.0,1,4,2005-11-24,14,2223,3,0,0,1
907,46,1219286.0,1,4,2005-06-07,14,2223,3,0,0,2
908,59,11000000.0,1,1,2005-06-07,14,2222,2,0,0,2
909,39,200000.0,0,4,2005-06-07,14,2223,3,0,0,2
910,41,10000.0,0,4,2005-06-08,14,2222,2,0,0,0
911,59,7425.0,0,4,2005-06-08,14,2222,2,0,0,2
912,61,15000.0,1,0,1991-11-09,28,2212,1,0,0,2
913,36,1000000.0,1,4,2005-06-08,14,2223,3,0,0,2
914,41,125.0,1,4,2005-06-08,14,2222,2,0,0,1
915,33,500000.0,1,0,2005-06-08,14,2223,3,0,0,0
916,39,3000000.0,1,1,2005-06-08,14,2212,1,0,0,2
917,62,3500.0,1,4,2005-06-09,14,2223,3,0,0,1
918,41,1000000.0,1,4,2005-07-20,14,2223,3,0,0,1
919,43,9612.21,0,4,2005-07-20,14,2222,2,0,0,1
920,49,2000000.0,0,4,2005-07-20,14,2223,3,0,0,2
921,25,150000.0,0,4,2005-07-21,14,2222,2,0,1,3
922,65,1200000.0,0,4,2005-07-22,14,2223,3,0,0,1
923,37,6000.0,0,4,2005-07-25,14,2222,2,0,0,2
924,44,2559.0,0,4,2005-07-22,14,2212,1,0,0,2
925,49,1000000.0,0,4,2017-04-24,2,2222,2,0,0,2
926,49,2500.0,1,1,2005-11-24,14,2211,0,0,0,0
927,47,11560694.0,1,4,2005-07-26,14,2223,3,0,0,1
928,40,5000000.0,1,0,2005-07-26,14,2222,2,0,0,1
929,51,9000000.0,1,1,2005-07-27,14,2235,2,0,0,2
930,47,3000000.0,1,4,2005-07-29,14,2212,1,0,0,1
931,50,7000.0,1,1,2005-09-21,14,2223,3,0,0,0
932,48,10000.0,1,0,1998-08-25,21,2232,2,0,0,0
933,39,500.0,1,4,2005-09-22,14,2222,2,0,0,2
934,55,2000000.0,1,4,2005-09-23,14,2223,3,0,0,1
935,54,2600000.0,1,1,2005-09-23,14,2222,2,0,1,3
936,46,4500000.0,1,4,2005-09-23,14,2223,3,0,0,1
937,45,5000000.0,1,4,2005-09-23,14,2222,2,0,0,1
938,57,1800000.0,1,4,2005-09-23,14,2223,3,0,0,0
939,49,1000000.0,0,4,2005-09-27,14,2222,2,0,0,2
940,60,15000.0,1,4,2005-09-27,14,2212,1,0,0,0
941,36,3550000.0,1,1,2005-09-27,14,2223,3,0,0,0
942,42,7000000.0,1,4,1998-09-28,21,2223,3,0,0,2
943,36,2500000.0,1,0,2005-09-28,14,2223,3,0,0,0
944,28,1000.0,0,4,2005-09-28,14,2223,3,0,0,2
945,83,2000000.0,1,4,2005-09-28,14,2223,3,0,0,0
946,44,2000000.0,1,4,2005-11-24,14,2222,2,0,0,1
947,33,1000000.0,0,1,2005-11-25,14,2222,2,0,0,1
948,38,2000000.0,0,4,2005-11-25,14,2223,3,0,0,1
949,49,3000.0,1,4,2006-01-18,13,2223,3,0,0,1
950,38,2500000.0,1,1,2006-01-18,13,2222,2,0,0,0
951,55,3000000.0,1,1,2006-01-19,13,2223,3,0,0,1
952,53,2000000.0,0,4,2006-01-19,13,2223,3,0,0,2
953,61,6000.0,1,1,2006-01-20,13,2223,3,0,0,2
954,57,3000000.0,1,1,2006-01-20,13,2223,3,0,0,1
955,41,6500000.0,0,4,2006-01-23,13,2223,3,0,0,0
956,40,2000000.0,0,1,2006-01-23,13,2222,2,0,0,1
957,49,3000.0,0,4,2006-01-24,13,2223,3,0,0,2
958,53,3000.0,1,1,2006-01-24,13,2222,2,0,0,0
959,46,2000000.0,1,1,2006-01-24,13,2223,3,0,0,1
960,43,5000000.0,1,4,2006-01-24,13,2223,3,0,0,1
961,32,1200000.0,1,4,2006-01-25,13,2222,2,0,0,0
962,50,750000.0,0,4,2006-01-25,13,2223,3,0,0,1
963,65,15000000.0,1,1,2016-11-04,3,2212,1,0,0,2
964,62,1000000.0,1,1,2005-10-05,14,2222,2,0,0,2
965,60,547.0,1,4,2005-10-05,14,2223,3,0,0,1
966,33,200000.0,1,4,2005-10-06,14,2223,3,0,0,0
967,40,3000000.0,1,4,2005-10-28,14,2223,3,0,1,3
968,27,300000.0,0,4,2005-10-28,14,2223,3,0,0,2
969,39,1000000.0,1,4,2005-10-28,14,2222,2,0,0,2
970,32,300000.0,1,0,2005-10-28,14,2223,3,0,0,0
971,25,300000.0,1,4,2005-10-31,14,2223,3,0,0,1
972,37,5000000.0,1,4,2005-11-01,14,2211,0,0,0,0
973,50,3066960.0,1,4,2005-11-01,14,2222,2,0,0,2
974,54,2185650.0,1,4,2005-11-01,14,2223,3,0,0,2
975,42,1500000.0,1,4,2005-11-02,14,2223,3,0,0,2
976,27,500000.0,1,4,2005-11-02,14,2222,2,0,0,1
977,55,2000.0,1,1,2005-11-02,14,2223,3,0,0,1
978,57,2145000.0,0,4,2005-11-03,14,2223,3,0,0,2
979,54,2300000.0,1,4,2005-11-03,14,2223,3,0,0,2
980,45,8000000.0,1,4,2005-11-07,14,2222,2,0,0,0
981,37,5000000.0,1,4,2005-06-02,14,2235,2,0,0,1
982,36,6500000.0,1,4,2006-01-03,13,2223,3,0,0,2
983,40,250000.0,1,4,2006-01-04,13,2235,2,0,0,2
984,33,200000.0,0,4,2006-01-04,13,2223,3,0,0,1
985,42,5000000.0,0,1,2006-01-04,13,2222,2,0,0,2
986,40,2000000.0,0,1,2006-01-05,13,2223,3,0,0,1
987,40,15000000.0,1,4,2006-01-05,13,2212,1,0,0,0
988,53,5000.0,1,1,2006-01-05,13,2223,3,0,0,2
989,35,300000.0,0,4,2006-01-05,13,2235,2,0,0,2
990,44,600.0,0,4,2006-01-05,13,2222,2,0,0,2
991,56,500000.0,1,4,2006-01-05,13,2223,3,0,0,0
992,51,246.0,1,0,2006-01-06,13,2223,3,0,0,0
993,53,2000000.0,1,4,2006-01-06,13,2223,3,0,0,1
994,17,300000.0,0,4,2006-01-06,13,2223,3,0,0,1
995,37,2500000.0,1,4,2006-03-08,13,2222,2,0,0,0
996,55,2009500.0,1,4,2006-03-09,13,2223,3,0,0,2
997,43,3000000.0,1,4,2006-03-28,13,2212,1,0,0,1
998,56,26000.0,0,4,2006-03-09,13,2222,2,0,0,0
999,35,1500000.0,1,4,2006-03-09,13,2223,3,0,0,0
1000,60,4500000.0,1,4,2006-03-09,13,2223,3,0,0,1
1001,68,1833610.0,1,4,2005-06-13,14,2223,3,0,0,1
1002,35,1723909.0,1,4,2005-06-08,14,2222,2,0,0,0
1003,68,1500.0,1,4,2005-06-08,14,2223,3,0,0,2
1004,16,1000000.0,1,4,2005-06-08,14,2223,3,0,0,0
1005,55,1000000.0,1,4,2005-06-09,14,2223,3,0,0,2
1006,18,1500000.0,1,4,2005-06-09,14,2223,3,0,0,0
1007,34,500000.0,1,1,2005-07-22,14,2222,2,0,0,1
1008,45,9000.0,0,0,2005-07-22,14,2230,0,0,0,2
1009,38,4600000.0,0,4,2005-07-22,14,2222,2,0,0,0
1010,38,1500000.0,0,4,2005-07-22,14,2222,2,0,0,0
1011,35,3500000.0,1,4,2005-07-27,14,2222,2,0,0,2
1012,34,1000.0,1,4,2005-07-25,14,2232,2,0,0,0
1013,69,2000000.0,1,4,2005-07-26,14,2222,2,0,0,1
1014,58,5000000.0,0,4,2005-07-26,14,2222,2,0,0,1
1015,69,500000.0,0,1,2005-09-21,14,2223,3,1,1,4
1016,32,100000.0,1,4,2005-07-14,14,2223,3,1,0,1
1017,55,1500000.0,1,0,2005-07-18,14,2223,3,1,0,0
1018,45,2500000.0,0,4,2005-07-14,14,2223,3,1,0,0
1019,46,3000000.0,0,4,2005-08-10,14,2223,3,1,1,5
1020,56,3595680.0,1,4,2005-06-08,14,2222,2,1,0,0
1021,57,3500.0,1,4,2005-07-19,14,2223,3,1,0,2
1022,20,100000.0,1,4,2005-05-25,14,2223,3,1,0,0
1023,69,500000.0,0,1,2005-09-21,14,2223,3,1,1,4
1024,43,17000.0,1,4,2005-05-20,14,2223,3,1,0,0
1025,22,2000000.0,1,4,2006-01-19,13,2223,3,1,0,2
1026,25,1000000.0,0,4,2005-10-28,14,2222,2,1,1,4
1027,55,15000.0,0,1,1996-11-28,23,2222,2,1,0,1
1028,46,15000000.0,1,4,2017-01-23,2,2211,0,1,0,0
1029,34,1341000.0,1,4,2005-07-29,14,2223,3,1,1,5
1030,47,2500000.0,1,4,2005-05-20,14,2223,3,1,0,1
1031,51,3000.0,1,4,2005-07-27,14,2222,2,1,1,3
1032,53,10000000.0,1,4,2005-09-22,14,2222,2,1,0,0
1033,43,500000.0,1,4,2006-01-19,13,2222,2,1,1,3
1034,41,700.0,0,4,2005-11-25,14,2223,3,1,0,2
1035,41,500000.0,1,1,2006-01-17,13,2223,3,1,1,4
1036,14,500000.0,0,4,2005-11-01,14,2223,3,1,0,0
1037,37,3000.0,1,4,2005-05-25,14,2223,3,1,0,2
1038,34,1341000.0,1,4,2005-07-29,14,2223,3,1,1,5
1039,43,1762621.0,1,4,2005-11-15,14,2223,3,1,0,0
1040,36,100000.0,1,4,2005-10-06,14,2223,3,1,1,4
1041,33,500000.0,1,4,2005-11-23,14,2222,2,1,0,2
1042,65,180000.0,0,1,2005-09-01,14,2222,2,1,0,1
1043,56,5000000.0,1,4,2005-09-05,14,2223,3,1,0,0
1044,20,100000.0,1,4,2005-05-25,14,2223,3,1,0,0
1045,40,500000.0,0,4,2006-02-22,13,2223,3,1,0,2
1046,40,4000000.0,1,4,2005-11-23,14,2223,3,1,0,0
1047,38,5000.0,1,4,2005-05-31,14,2222,2,1,0,0
1048,34,100000.0,1,4,2005-05-27,14,2223,3,1,0,0
1049,62,9500000.0,0,1,2005-07-13,14,2222,2,1,0,0
1050,44,2000000.0,1,4,2005-11-02,14,2223,3,1,0,2
1051,46,2000000.0,1,4,2006-01-03,13,2222,2,1,0,0
1052,89,3500000.0,1,1,2005-05-20,14,2223,3,1,0,1
1053,55,2000000.0,0,4,2005-06-02,14,2223,3,1,0,2
1054,52,9000000.0,1,4,2006-01-06,13,2223,3,1,0,0
1055,56,5000000.0,1,4,2005-09-05,14,2223,3,1,0,0
1056,61,3100.0,0,4,2005-11-25,14,2223,3,1,0,0
1057,45,2500000.0,0,4,2005-07-14,14,2223,3,1,0,0
1058,32,5000000.0,1,4,2005-08-31,14,2222,2,1,0,0
1059,32,5000000.0,1,4,2005-08-31,14,2222,2,1,0,0
1060,24,0.0,1,4,2005-07-15,14,2223,3,1,0,2
1061,32,5000000.0,1,4,2005-08-31,14,2222,2,1,0,0
1062,49,15000.0,1,4,2005-10-05,14,2222,2,1,1,3
1063,62,10000.0,0,4,2005-08-16,14,2223,3,1,0,2
1064,35,500000.0,1,4,2006-01-06,13,2223,3,1,0,1
1065,37,3031049.0,1,4,2005-06-07,14,2223,3,1,1,5
1066,41,700.0,0,4,2005-11-25,14,2223,3,1,0,2
1067,49,15000.0,1,4,2005-10-05,14,2222,2,1,1,3
1068,40,5000.0,1,4,2005-10-06,14,2223,3,1,0,1
1069,20,100000.0,1,4,2005-05-25,14,2223,3,1,0,0
1070,67,10000000.0,1,1,2005-06-07,14,2223,3,1,0,0
1071,44,1000000.0,1,4,2005-06-29,14,2223,3,1,0,1
1072,42,3500000.0,1,4,2005-05-23,14,2223,3,1,0,0
1073,52,2000.0,0,1,2005-11-25,14,2223,3,1,0,2
1074,62,9500000.0,0,1,2005-07-13,14,2222,2,1,0,0
1075,62,260.0,1,4,2005-05-25,14,2223,3,1,0,0
1076,40,1000000.0,1,4,2005-05-30,14,2223,3,1,0,2
1077,51,1557470.0,0,4,2005-05-23,14,2223,3,1,0,0
1078,23,0.0,1,4,2005-07-15,14,2223,3,1,0,2
1079,14,500000.0,0,4,2005-11-01,14,2223,3,1,0,0
1080,33,500000.0,1,4,2005-11-23,14,2222,2,1,0,2
1081,51,500.0,0,4,2005-07-25,14,2222,2,1,1,5
1082,76,2500.0,1,1,2005-07-16,14,2223,3,1,0,0
1083,27,180000.0,0,4,2005-08-29,14,2222,2,1,0,1
1084,56,5000000.0,1,4,2005-09-05,14,2223,3,1,0,0
1085,42,1800000.0,1,4,2005-09-29,14,2223,3,1,0,0
1086,40,3750000.0,0,4,2005-05-23,14,2223,3,1,0,0
1087,46,2000000.0,1,4,2005-07-19,14,2223,3,1,0,0
1088,24,0.0,1,4,2005-07-15,14,2223,3,1,0,2
1089,62,2100000.0,1,4,2005-09-29,14,2223,3,1,0,2
1090,41,5000000.0,1,4,2005-07-27,14,2223,3,1,1,3
1091,66,2711097.0,1,1,1995-05-17,24,2233,3,1,0,0
1092,71,4200000.0,1,1,2005-06-22,14,2223,3,1,0,0
1093,31,500000.0,0,4,2005-06-01,14,2223,3,1,0,0
1094,53,10000000.0,1,4,2005-09-22,14,2222,2,1,0,0
1095,52,2000.0,0,1,2005-11-25,14,2223,3,1,0,2
1096,37,3000.0,1,4,2005-05-25,14,2223,3,1,0,2
1097,52,5000.0,1,4,2005-10-06,14,2223,3,1,1,5
1098,56,1277139.0,1,4,2005-11-07,14,2223,3,1,0,0
1099,34,1000000.0,1,4,2005-08-11,14,2223,3,1,0,0
1100,75,12000.0,0,1,1996-04-30,23,2223,3,1,0,2
1101,56,1277139.0,1,4,2005-11-07,14,2223,3,1,0,0
1102,75,10000000.0,1,4,2005-06-08,14,2222,2,1,0,2
1103,57,5000000.0,1,1,2005-12-28,14,2223,3,1,0,0
1104,37,1500000.0,1,4,2005-11-11,14,2223,3,1,0,1
1105,42,80000000.0,0,4,2006-01-04,13,2230,0,1,0,1
1106,29,250000.0,0,4,2005-10-05,14,2223,3,1,0,0
1107,54,3000000.0,0,4,2005-11-09,14,2223,3,1,1,5
1108,48,7000000.0,1,4,2005-11-22,14,2223,3,1,0,2
1109,32,5000000.0,1,4,2005-08-31,14,2222,2,1,0,0
1110,40,1000000.0,1,4,2005-05-30,14,2223,3,1,0,2
1111,57,15000000.0,1,1,2005-06-15,14,2222,2,1,0,0
1112,39,1000000.0,0,4,2005-11-01,14,2223,3,1,0,0
1113,45,2500000.0,0,4,2005-07-14,14,2223,3,1,0,0
1114,35,2000000.0,1,4,2005-09-30,14,2223,3,1,0,0
1115,41,5000000.0,1,4,2005-07-27,14,2223,3,1,1,3
1116,25,1000000.0,0,4,2005-10-28,14,2222,2,1,1,4
1117,32,5000000.0,1,4,2005-08-31,14,2222,2,1,0,0
1118,40,180000.0,1,4,2005-10-28,14,2223,3,1,0,0
1119,40,200.0,1,4,2006-01-25,13,2223,3,1,0,1
1120,61,3100.0,0,4,2005-11-25,14,2223,3,1,0,0
1121,55,550.0,0,1,2005-06-16,14,2223,3,1,0,1
1122,27,180000.0,0,4,2005-08-29,14,2222,2,1,0,1
1123,14,500000.0,0,4,2005-11-01,14,2223,3,1,0,0
1124,48,20000000.0,0,4,2005-08-30,14,2222,2,1,0,1
1125,35,1500000.0,0,4,2006-01-20,13,2223,3,1,0,1
1126,44,1000000.0,1,4,2005-06-03,14,2223,3,1,0,1
1127,56,5000000.0,1,4,2005-09-05,14,2223,3,1,0,0
1128,58,10000000.0,1,4,2008-08-18,11,2223,3,1,0,0
1129,46,7500000.0,1,1,2005-08-31,14,2222,2,1,1,4
1130,39,1800000.0,1,4,2005-11-11,14,2223,3,1,0,1
1131,45,2500000.0,0,4,2005-07-14,14,2223,3,1,0,0
1132,30,500000.0,0,4,2005-10-31,14,2222,2,1,0,0
1133,41,2000000.0,1,4,2005-06-07,14,2223,3,1,0,0
1134,62,9500000.0,0,1,2005-07-13,14,2222,2,1,0,0
1135,37,200000.0,0,4,2005-06-06,14,2223,3,1,0,1
1136,51,1557470.0,0,4,2005-05-23,14,2223,3,1,0,0
1137,34,1341000.0,1,4,2005-07-29,14,2223,3,1,1,5
1138,41,2346.9,1,4,2005-11-22,14,2222,2,1,0,0
1139,39,2450.0,1,4,2005-10-07,14,2223,3,1,1,5
1140,71,30000.0,1,1,2005-06-03,14,2223,3,1,1,4
1141,31,500000.0,1,4,2005-05-30,14,2222,2,1,0,0
1142,37,4000000.0,0,4,2005-07-13,14,2223,3,1,0,0
1143,66,2711097.0,1,1,1995-05-17,24,2233,3,1,0,0
1144,39,2450.0,1,4,2005-10-07,14,2223,3,1,1,5
1145,46,2500000.0,1,4,2005-11-11,14,2223,3,1,0,1
1146,46,2500000.0,1,4,2005-11-11,14,2223,3,1,0,1
1147,63,4000000.0,0,5,2005-08-30,14,2223,3,1,0,2
1148,54,3000000.0,1,4,2005-05-23,14,2223,3,1,0,1
1149,20,2000000.0,1,4,2005-07-15,14,2223,3,1,0,1
1150,46,7500000.0,1,1,2005-08-31,14,2222,2,1,1,4
1151,61,2500.0,1,1,2005-07-16,14,2222,2,1,0,2
1152,40,5000.0,1,4,2005-10-06,14,2223,3,1,0,1
1153,40,1500000.0,1,4,2005-09-30,14,2223,3,1,0,0
1154,56,3595680.0,1,4,2005-06-08,14,2222,2,1,0,0
1155,37,2000000.0,0,4,2005-05-26,14,2222,2,1,0,0
1156,54,3000000.0,0,4,2005-11-09,14,2223,3,1,1,5
1157,63,4000000.0,0,5,2005-08-30,14,2223,3,1,0,2
1158,39,1000000.0,0,4,2005-11-01,14,2223,3,1,0,0
1159,39,1500000.0,1,4,2006-01-17,13,2223,3,1,0,1
1160,39,500000.0,1,4,2005-05-30,14,2223,3,1,0,0
1161,71,30000.0,1,1,2005-06-03,14,2223,3,1,1,4
1162,52,15000000.0,1,1,2005-09-30,14,2223,3,1,0,1
1163,37,1000000.0,0,4,2005-08-12,14,2223,3,1,0,0
1164,40,3750000.0,0,4,2005-05-23,14,2223,3,1,0,0
1165,53,10000000.0,1,4,2005-09-22,14,2222,2,1,0,0
1166,57,2700000.0,1,4,2006-01-25,13,2223,3,1,0,0
1167,46,2000000.0,1,4,2006-01-03,13,2222,2,1,0,0
1168,62,2100000.0,1,4,2005-09-29,14,2223,3,1,0,2
1169,52,2750000.0,0,4,2005-09-29,14,2222,2,1,0,2
1170,44,2500.0,0,4,2005-09-27,14,2223,3,1,0,0
1171,24,0.0,1,4,2005-07-15,14,2223,3,1,0,2
1172,41,5000000.0,1,4,2005-07-27,14,2223,3,1,1,3
1173,41,700.0,0,4,2005-11-25,14,2223,3,1,0,2
1174,16,200000.0,0,4,2005-05-24,14,2223,3,1,0,0
1175,20,2000000.0,1,4,2005-07-15,14,2223,3,1,0,1
1176,42,80000000.0,0,4,2006-01-04,13,2230,0,1,0,1
1177,66,2500.0,1,4,2005-07-16,14,2223,3,1,0,0
1178,69,500000.0,0,1,2005-09-21,14,2223,3,1,1,4
1179,49,20000.0,1,1,2005-07-14,14,2211,0,1,0,1
1180,48,2250.0,1,4,2005-10-07,14,2223,3,1,0,0
1181,57,600.0,0,1,2005-09-23,14,2223,3,1,0,0
1182,45,2500000.0,0,4,2005-07-14,14,2223,3,1,0,0
1183,23,0.0,1,4,2005-07-15,14,2223,3,1,0,2
1184,70,10000.0,1,0,1991-10-31,28,2211,0,1,0,2
1185,58,10000000.0,1,4,2008-08-18,11,2223,3,1,0,0
1186,41,600.0,1,4,2005-07-21,14,2222,2,1,0,2
1187,31,3500000.0,0,4,2005-08-08,14,2223,3,1,0,2
1188,31,500000.0,1,4,2005-05-30,14,2222,2,1,0,0
1189,39,5000000.0,1,1,2005-06-16,14,2222,2,1,0,0
1190,46,5000000.0,0,4,2005-10-06,14,2223,3,1,0,0
1191,39,5000000.0,1,1,2005-06-16,14,2222,2,1,0,0
1192,52,2000.0,0,1,2005-11-25,14,2223,3,1,0,2
1193,56,5000000.0,1,1,2005-07-21,14,2223,3,1,0,2
1194,39,1500000.0,1,4,2006-01-17,13,2223,3,1,0,1
1195,55,3096555.0,1,4,2005-10-12,14,2223,3,1,0,1
1196,24,400000.0,1,4,2005-06-03,14,2223,3,1,0,0
1197,57,2500.0,1,4,2005-07-16,14,2223,3,1,0,1
1198,43,1500.0,1,4,2005-09-29,14,2223,3,1,0,0
1199,58,10287.0,1,4,2005-05-27,14,2223,3,1,0,0
1200,37,750.0,0,4,2005-11-15,14,2222,2,1,0,1
1201,37,200000.0,0,4,2005-06-06,14,2223,3,1,0,1
1202,57,2000000.0,1,4,2005-08-30,14,2223,3,1,0,0
1203,61,2000000.0,1,1,2005-07-27,14,2223,3,1,0,1
1204,61,2500.0,1,1,2005-07-16,14,2222,2,1,0,2
1205,41,500000.0,1,4,2005-06-09,14,2223,3,1,0,1
1206,55,2000000.0,0,4,2005-06-02,14,2223,3,1,0,2
1207,30,500000.0,0,4,2005-10-31,14,2222,2,1,0,0
1208,39,500000.0,1,4,2005-05-30,14,2223,3,1,0,0
1209,62,3000.0,0,4,2005-07-19,14,2223,3,1,0,0
1210,52,5000.0,1,4,2005-10-06,14,2223,3,1,1,5
1211,61,2500.0,1,1,2005-07-16,14,2222,2,1,0,2
1212,61,2500.0,1,1,2005-07-16,14,2222,2,1,0,2
1213,62,10000.0,0,4,2005-08-16,14,2223,3,1,0,2
1214,29,250000.0,0,4,2005-10-05,14,2223,3,1,0,0
1215,51,500.0,0,4,2005-07-25,14,2222,2,1,1,5
1216,53,5000000.0,1,4,2005-08-29,14,2223,3,1,0,0
1217,32,5000000.0,1,4,2005-08-31,14,2222,2,1,0,0
1218,55,15000.0,0,1,1996-11-28,23,2222,2,1,0,1
1219,39,3000000.0,1,1,2005-11-17,14,2223,3,1,0,0
1220,76,2500.0,1,1,2005-07-16,14,2223,3,1,0,0
1221,44,1000000.0,1,4,2005-06-03,14,2223,3,1,0,1
1222,32,5000000.0,1,4,2005-08-31,14,2222,2,1,0,0
1223,41,2346.9,1,4,2005-11-22,14,2222,2,1,0,0
1224,45,4000000.0,1,4,2005-05-27,14,2222,2,1,0,1
1225,49,20000.0,1,1,2005-07-14,14,2211,0,1,0,1
1226,32,5000000.0,1,4,2005-08-31,14,2222,2,1,0,0
1227,45,4000000.0,1,4,2005-05-27,14,2222,2,1,0,1
1228,47,4600000.0,1,4,2005-09-06,14,2222,2,1,0,0
1229,41,600.0,1,4,2005-07-21,14,2222,2,1,0,2
1230,30,2500000.0,1,4,2005-05-30,14,2222,2,1,0,1
1231,69,500000.0,0,1,2005-09-21,14,2223,3,1,1,4
1232,39,5000000.0,1,4,2005-10-05,14,2222,2,1,0,0
1233,35,2000000.0,1,4,2005-09-30,14,2223,3,1,0,0
1234,44,3000000.0,1,1,2006-01-20,13,2223,3,1,0,1
1235,48,2250.0,1,4,2005-10-07,14,2223,3,1,0,0
1236,39,500000.0,1,4,2005-05-30,14,2223,3,1,0,0
1237,37,500.0,0,4,2005-06-28,14,2223,3,1,0,0
1238,49,15000.0,1,4,2005-10-05,14,2222,2,1,1,3
1239,40,3750000.0,0,4,2005-05-23,14,2223,3,1,0,0
1240,43,500000.0,1,4,2006-01-19,13,2222,2,1,1,3
1241,57,600.0,0,1,2005-09-23,14,2223,3,1,0,0
1242,89,3500000.0,1,1,2005-05-20,14,2223,3,1,0,1
1243,39,1500.0,1,4,2005-05-25,14,2222,2,1,0,0
1244,37,750.0,0,4,2005-11-15,14,2222,2,1,0,1
1245,39,5000000.0,1,1,2005-06-16,14,2222,2,1,0,0
1246,71,30000.0,1,1,2005-06-03,14,2223,3,1,1,4
1247,32,100000.0,1,4,2005-07-14,14,2223,3,1,0,1
1248,25,500000.0,1,4,2005-08-30,14,2223,3,1,0,2
1249,39,500000.0,1,4,2005-05-30,14,2223,3,1,0,0
1250,62,7000000.0,0,4,2005-07-19,14,2222,2,1,1,3
1251,46,5000000.0,0,4,2005-10-06,14,2223,3,1,0,0
1252,37,2000000.0,0,4,2005-05-26,14,2222,2,1,0,0
1253,25,300000.0,0,4,2005-10-28,14,2223,3,1,0,1
1254,33,500000.0,1,4,2005-11-23,14,2222,2,1,0,2
1255,41,700.0,0,4,2005-11-25,14,2223,3,1,0,2
1256,25,500000.0,1,4,2005-08-30,14,2223,3,1,0,2
1257,44,2500.0,0,4,2005-09-27,14,2223,3,1,0,0
1258,25,500000.0,1,4,2005-08-30,14,2223,3,1,0,2
1259,64,3410000.0,1,4,2005-07-19,14,2223,3,1,0,0
1260,66,2711097.0,1,1,1995-05-17,24,2233,3,1,0,0
1261,57,2000000.0,1,4,2005-08-30,14,2223,3,1,0,0
1262,25,500000.0,1,4,2005-08-30,14,2223,3,1,0,2
1263,37,3000.0,1,4,2005-05-25,14,2223,3,1,0,2
1264,33,500000.0,1,4,2005-11-23,14,2222,2,1,0,2
1265,52,9000000.0,1,4,2006-01-06,13,2223,3,1,0,0
1266,56,1277139.0,1,4,2005-11-07,14,2223,3,1,0,0
1267,41,3500000.0,0,4,2005-07-28,14,2223,3,1,0,1
1268,41,2346.9,1,4,2005-11-22,14,2222,2,1,0,0
1269,51,3500000.0,1,4,2005-10-11,14,2223,3,1,1,4
1270,33,1000.0,0,4,2005-05-31,14,2223,3,1,0,2
1271,33,500000.0,1,4,2005-11-23,14,2222,2,1,0,2
1272,14,500000.0,0,4,2005-11-01,14,2223,3,1,0,0
1273,40,3750000.0,0,4,2005-05-23,14,2223,3,1,0,0
1274,42,80000000.0,0,4,2006-01-04,13,2230,0,1,0,1
1275,37,750.0,0,4,2005-11-15,14,2222,2,1,0,1
1276,39,5000000.0,1,4,2005-10-05,14,2222,2,1,0,0
1277,37,750.0,0,4,2005-11-15,14,2222,2,1,0,1
1278,43,2500.0,1,1,1996-10-17,23,2212,1,1,0,1
1279,41,3200000.0,0,4,2005-07-14,14,2223,3,1,0,1
1280,46,15000000.0,1,4,2017-01-23,2,2211,0,1,0,0
1281,64,3410000.0,1,4,2005-07-19,14,2223,3,1,0,0
1282,54,3000000.0,1,4,2005-05-23,14,2223,3,1,0,1
1283,39,5000000.0,0,1,2005-11-08,14,2222,2,1,0,2
1284,36,100000.0,1,4,2005-10-06,14,2223,3,1,1,4
1285,48,20000000.0,0,4,2005-08-30,14,2222,2,1,0,1
1286,42,800.0,1,4,2005-07-26,14,2223,3,1,0,0
1287,47,4600000.0,1,4,2005-09-06,14,2222,2,1,0,0
1288,58,4500.0,1,4,2005-06-17,14,2223,3,1,0,1
1289,39,5000000.0,1,4,2005-10-05,14,2222,2,1,0,0
1290,57,2700000.0,1,4,2006-01-25,13,2223,3,1,0,0
1291,37,4000000.0,0,4,2005-07-13,14,2223,3,1,0,0
1292,22,1500.0,1,4,2005-11-07,14,2223,3,1,0,2
1293,18,1000000.0,0,4,2016-08-31,3,2223,3,1,0,1
1294,40,1500000.0,1,4,2005-09-30,14,2223,3,1,0,0
1295,58,10000000.0,1,4,2008-08-18,11,2223,3,1,0,0
1296,57,2000000.0,1,4,2005-08-30,14,2223,3,1,0,0
1297,43,5000.0,1,4,2005-06-02,14,2223,3,1,0,2
1298,61,3100.0,0,4,2005-11-25,14,2223,3,1,0,0
1299,55,1500000.0,1,0,2005-07-18,14,2223,3,1,0,0
1300,30,2500000.0,1,4,2005-05-30,14,2222,2,1,0,1
1301,47,6777747.0,1,4,1999-02-11,20,2222,2,1,0,0
1302,57,2000000.0,1,4,2005-08-30,14,2223,3,1,0,0
1303,71,4200000.0,1,1,2005-06-22,14,2223,3,1,0,0
1304,51,3500000.0,1,4,2005-10-11,14,2223,3,1,1,4
1305,23,0.0,1,4,2005-07-15,14,2223,3,1,0,2
1306,50,2500000.0,1,4,2005-09-30,14,2223,3,1,0,1
1307,51,3500000.0,1,4,2005-10-11,14,2223,3,1,1,4
1308,47,6777747.0,1,4,1999-02-11,20,2222,2,1,0,0
1309,39,5000000.0,1,1,2005-06-16,14,2222,2,1,0,0
1310,42,1800000.0,1,4,2005-09-29,14,2223,3,1,0,0
1311,46,5000000.0,0,4,2005-10-06,14,2223,3,1,0,0
1312,40,500000.0,0,4,2006-02-22,13,2223,3,1,0,2
1313,46,2680000.0,0,1,2005-08-01,14,2223,3,1,0,1
1314,39,3000000.0,1,1,2005-11-17,14,2223,3,1,0,0
1315,25,300000.0,0,4,2005-10-28,14,2223,3,1,0,1
1316,55,550.0,0,1,2005-06-16,14,2223,3,1,0,1
1317,53,10000000.0,1,4,2005-09-22,14,2222,2,1,0,0
1318,41,2346.9,1,4,2005-11-22,14,2222,2,1,0,0
1319,39,2000000.0,0,4,2005-05-26,14,2222,2,1,0,1
1320,52,9000000.0,1,4,2006-01-06,13,2223,3,1,0,0
1321,62,3000.0,0,4,2005-07-19,14,2223,3,1,0,0
1322,44,1000000.0,1,4,2005-06-03,14,2223,3,1,0,1
1323,57,200.0,1,4,2009-02-12,10,2222,2,1,1,5
1324,39,1500000.0,1,4,2006-01-17,13,2223,3,1,0,1
1325,60,2000000.0,1,4,2005-11-15,14,2223,3,1,0,1
1326,56,5000000.0,1,1,2005-07-21,14,2223,3,1,0,2
1327,70,10000.0,1,0,1991-10-31,28,2211,0,1,0,2
1328,37,1000000.0,0,4,2005-08-12,14,2223,3,1,0,0
1329,48,3000.0,0,4,2005-07-19,14,2223,3,1,0,0
1330,22,1500.0,1,4,2005-11-07,14,2223,3,1,0,2
1331,23,0.0,1,4,2005-07-15,14,2223,3,1,0,2
1332,27,2000000.0,1,4,2005-08-29,14,2222,2,1,0,1
1333,62,260.0,1,4,2005-05-25,14,2223,3,1,0,0
1334,25,500000.0,1,4,2005-08-30,14,2223,3,1,0,2
1335,37,3000.0,1,4,2005-05-25,14,2223,3,1,0,2
1336,41,2346.9,1,4,2005-11-22,14,2222,2,1,0,0
1337,39,1000000.0,0,4,2005-11-01,14,2223,3,1,0,0
1338,37,500000.0,1,4,2005-07-15,14,2222,2,1,0,1
1339,43,4383.0,0,4,2005-10-03,14,2223,3,1,0,0
1340,52,15000000.0,1,1,2005-09-30,14,2223,3,1,0,1
1341,37,750.0,0,4,2005-11-15,14,2222,2,1,0,1
1342,51,1557470.0,0,4,2005-05-23,14,2223,3,1,0,0
1343,37,1000000.0,0,4,2005-08-12,14,2223,3,1,0,0
1344,51,3500000.0,1,4,2005-10-11,14,2223,3,1,1,4
1345,39,1000000.0,0,4,2005-11-01,14,2223,3,1,0,0
1346,61,3100.0,0,4,2005-11-25,14,2223,3,1,0,0
1347,41,700.0,0,4,2005-11-25,14,2223,3,1,0,2
1348,47,6777747.0,1,4,1999-02-11,20,2222,2,1,0,0
1349,43,500000.0,1,4,2006-01-19,13,2222,2,1,1,3
1350,56,1277139.0,1,4,2005-11-07,14,2223,3,1,0,0
1351,47,1000000.0,1,4,2005-07-13,14,2223,3,1,0,0
1352,40,500000.0,0,4,2006-02-22,13,2223,3,1,0,2
1353,43,500000.0,1,4,2006-01-19,13,2222,2,1,1,3
1354,47,4600000.0,1,4,2005-09-06,14,2222,2,1,0,0
1355,55,15000.0,0,1,1996-11-28,23,2222,2,1,0,1
1356,25,500000.0,1,4,2005-08-30,14,2223,3,1,0,2
1357,35,2000000.0,1,4,2005-09-30,14,2223,3,1,0,0
1358,71,4200000.0,1,1,2005-06-22,14,2223,3,1,0,0
1359,36,0.0,0,4,2005-06-29,14,2223,3,1,0,0
1360,53,10000000.0,1,4,2005-09-22,14,2222,2,1,0,0
1361,51,500.0,0,4,2005-07-25,14,2222,2,1,1,5
1362,27,2000000.0,1,4,2005-08-29,14,2222,2,1,0,1
1363,44,1000000.0,1,4,2005-06-03,14,2223,3,1,0,1
1364,37,1000000.0,0,4,2005-08-12,14,2223,3,1,0,0
1365,57,2500000.0,1,4,2006-01-20,13,2223,3,1,0,1
1366,55,1500000.0,1,0,2005-07-18,14,2223,3,1,0,0
1367,37,1500000.0,1,4,2005-11-11,14,2223,3,1,0,1
1368,39,3000000.0,1,1,2005-11-17,14,2223,3,1,0,0
1369,46,16500.0,1,1,2005-10-11,14,2223,3,1,0,0
1370,55,550.0,0,1,2005-06-16,14,2223,3,1,0,1
1371,51,1000000.0,1,4,2005-09-29,14,2223,3,1,0,1
1372,56,1277139.0,1,4,2005-11-07,14,2223,3,1,0,0
1373,46,2500000.0,1,4,2005-11-11,14,2223,3,1,0,1
1374,61,3100.0,0,4,2005-11-25,14,2223,3,1,0,0
1375,57,3500.0,1,4,2005-07-19,14,2223,3,1,0,2
1376,43,2000000.0,0,1,2005-05-31,14,2223,3,1,0,1
1377,40,500000.0,0,4,2006-02-22,13,2223,3,1,0,2
1378,43,2500.0,1,1,1996-10-17,23,2212,1,1,0,1
1379,63,4000000.0,0,5,2005-08-30,14,2223,3,1,0,2
1380,66,2500.0,1,4,2005-07-16,14,2223,3,1,0,0
1381,20,100000.0,1,4,2005-05-25,14,2223,3,1,0,0
1382,39,1000000.0,0,4,2005-11-01,14,2223,3,1,0,0
1383,47,6777747.0,1,4,1999-02-11,20,2222,2,1,0,0
1384,39,3000000.0,1,1,2005-11-17,14,2223,3,1,0,0
1385,39,2450.0,1,4,2005-10-07,14,2223,3,1,1,5
1386,40,5000.0,1,4,2005-10-06,14,2223,3,1,0,1
1387,50,2500000.0,1,4,2005-09-30,14,2223,3,1,0,1
1388,39,5000000.0,0,1,2005-11-08,14,2222,2,1,0,2
1389,39,3000000.0,1,1,2005-11-17,14,2223,3,1,0,0
1390,63,4000000.0,0,5,2005-08-30,14,2223,3,1,0,2
1391,65,7364.0,1,1,2009-10-14,10,2223,3,1,0,2
1392,40,4000000.0,1,4,2005-11-23,14,2223,3,1,0,0
1393,57,2000000.0,1,4,2005-08-30,14,2223,3,1,0,0
1394,61,1907506.0,1,4,2005-08-31,14,2223,3,1,0,0
1395,57,2700000.0,1,4,2006-01-25,13,2223,3,1,0,0
1396,22,1000000.0,1,4,2005-05-31,14,2223,3,1,0,0
1397,34,100000.0,1,4,2005-05-27,14,2223,3,1,0,0
1398,43,1762621.0,1,4,2005-11-15,14,2223,3,1,0,0
1399,36,100000.0,1,4,2005-10-06,14,2223,3,1,1,4
1400,62,50000000.0,1,4,2005-08-17,14,2223,3,1,1,3
1401,49,15000.0,1,4,2005-10-05,14,2222,2,1,1,3
1402,22,2000000.0,1,4,2005-07-15,14,2223,3,1,0,1
1403,46,2000000.0,1,4,2005-07-19,14,2223,3,1,0,0
1404,49,20000.0,1,1,2005-07-14,14,2211,0,1,0,1
1405,49,20000.0,1,1,2005-07-14,14,2211,0,1,0,1
1406,20,100000.0,1,4,2005-05-25,14,2223,3,1,0,0
1407,53,5000000.0,1,4,2005-08-29,14,2223,3,1,0,0
1408,18,1000000.0,0,4,2016-08-31,3,2223,3,1,0,1
1409,61,2500.0,1,1,2005-07-16,14,2222,2,1,0,2
1410,27,180000.0,0,4,2005-08-29,14,2222,2,1,0,1
1411,65,180000.0,0,1,2005-09-01,14,2222,2,1,0,1
1412,43,4383.0,0,4,2005-10-03,14,2223,3,1,0,0
1413,61,8000000.0,1,4,2005-05-27,14,2223,3,1,0,0
1414,39,1000000.0,0,4,2005-11-01,14,2223,3,1,0,0
1415,51,3500000.0,1,4,2005-10-11,14,2223,3,1,1,4
1416,75,12000.0,0,1,1996-04-30,23,2223,3,1,0,2
1417,62,2100000.0,1,4,2005-09-29,14,2223,3,1,0,2
1418,65,180000.0,0,1,2005-09-01,14,2222,2,1,0,1
1419,44,2000000.0,1,4,2005-11-02,14,2223,3,1,0,2
1420,51,12000000.0,1,4,2005-05-19,14,2223,3,1,0,0
1421,40,3750000.0,0,4,2005-05-23,14,2223,3,1,0,0
1422,52,9000000.0,1,4,2006-01-06,13,2223,3,1,0,0
1423,43,1762621.0,1,4,2005-11-15,14,2223,3,1,0,0
1424,75,10000000.0,1,4,2005-06-08,14,2222,2,1,0,2
1425,76,900000.0,1,1,2005-10-31,14,2223,3,1,0,1
1426,47,2500000.0,1,4,2005-05-20,14,2223,3,1,0,1
1427,69,2500.0,1,4,2005-07-16,14,2223,3,1,1,5
1428,37,1000000.0,0,4,2005-08-12,14,2223,3,1,0,0
1429,58,10000000.0,1,4,2008-08-18,11,2223,3,1,0,0
1430,52,15000000.0,1,1,2005-09-30,14,2223,3,1,0,1
1431,48,20000000.0,0,4,2005-08-30,14,2222,2,1,0,1
1432,55,1500000.0,1,0,2005-07-18,14,2223,3,1,0,0
1433,76,900000.0,1,1,2005-10-31,14,2223,3,1,0,1
1434,66,9121.0,1,1,2005-07-15,14,2222,2,1,0,0
1435,57,15000000.0,1,1,2005-06-15,14,2222,2,1,0,0
1436,37,1000000.0,0,4,2005-08-12,14,2223,3,1,0,0
1437,56,5000000.0,1,4,2005-09-05,14,2223,3,1,0,0
1438,47,4600000.0,1,4,2005-09-06,14,2222,2,1,0,0
1439,57,5000000.0,1,1,2005-12-28,14,2223,3,1,0,0
1440,40,200.0,1,4,2006-01-25,13,2223,3,1,0,1
1441,37,750.0,0,4,2005-11-15,14,2222,2,1,0,1
1442,25,1000000.0,0,4,2005-10-28,14,2222,2,1,1,4
1443,40,500000.0,0,4,2006-02-22,13,2223,3,1,0,2
1444,50,3000000.0,1,4,2005-07-20,14,2222,2,1,0,1
1445,39,3000000.0,1,1,2005-11-17,14,2223,3,1,0,0
1446,42,3500000.0,1,4,2005-05-23,14,2223,3,1,0,0
1447,38,1500.0,1,4,2005-09-01,14,2223,3,1,0,0
1448,68,4500.0,1,4,2005-07-25,14,2223,3,1,0,0
1449,56,1277139.0,1,4,2005-11-07,14,2223,3,1,0,0
1450,38,5000.0,1,4,2005-05-31,14,2222,2,1,0,0
1451,50,3000000.0,1,4,2005-07-20,14,2222,2,1,0,1
1452,53,10000000.0,1,4,2005-09-22,14,2222,2,1,0,0
1453,31,2000000.0,0,4,2005-05-30,14,2222,2,1,0,0
1454,48,20000000.0,0,4,2005-08-30,14,2222,2,1,0,1
1455,28,500000.0,0,4,2005-08-30,14,2223,3,1,0,2
1456,37,3500000.0,1,4,2005-07-19,14,2223,3,1,0,0
1457,24,0.0,1,4,2005-07-15,14,2223,3,1,0,2
1458,61,2000000.0,1,1,2005-07-27,14,2223,3,1,0,1
1459,39,1500000.0,1,4,2006-01-17,13,2223,3,1,0,1
1460,51,1000000.0,1,4,2005-09-29,14,2223,3,1,0,1
1461,39,1800000.0,1,4,2005-07-13,14,2223,3,1,0,0
1462,44,3000000.0,1,1,2006-01-20,13,2223,3,1,0,1
1463,33,500000.0,1,4,2005-11-23,14,2222,2,1,0,2
1464,42,80000000.0,0,4,2006-01-04,13,2230,0,1,0,1
1465,51,12000000.0,1,4,2005-05-19,14,2223,3,1,0,0
1466,53,10000000.0,1,4,2005-09-22,14,2222,2,1,0,0
1467,40,500000.0,0,4,2006-02-22,13,2223,3,1,0,2
1468,48,2250.0,1,4,2005-10-07,14,2223,3,1,0,0
1469,50,1660278.0,1,4,2005-08-31,14,2223,3,1,0,0
1470,65,7364.0,1,1,2009-10-14,10,2223,3,1,0,2
1471,25,300000.0,0,4,2005-10-28,14,2223,3,1,0,1
1472,75,10000000.0,1,4,2005-06-08,14,2222,2,1,0,2
1473,55,2000000.0,0,4,2005-06-02,14,2223,3,1,0,2
1474,43,6500000.0,1,4,2005-09-06,14,2222,2,1,0,0
1475,37,1000000.0,0,4,2005-08-12,14,2223,3,1,0,0
1476,31,500000.0,0,4,2005-06-01,14,2223,3,1,0,0
1477,57,2500000.0,1,4,2006-01-20,13,2223,3,1,0,1
1478,43,500000.0,1,4,2006-01-19,13,2222,2,1,1,3
1479,58,10287.0,1,4,2005-05-27,14,2223,3,1,0,0
1480,62,260.0,1,4,2005-05-25,14,2223,3,1,0,0
1481,40,5000.0,1,4,2005-10-06,14,2223,3,1,0,1
1482,57,15000000.0,1,1,2006-01-13,13,2222,2,1,0,0
1483,43,1500.0,1,4,2005-09-29,14,2223,3,1,0,0
1484,22,500000.0,0,4,2005-05-27,14,2223,3,1,0,2
1485,18,750000.0,0,4,2005-05-24,14,2223,3,1,0,2
1486,41,2000000.0,1,4,2005-06-07,14,2223,3,1,0,0
1487,46,2000000.0,1,4,2005-07-19,14,2223,3,1,0,0
1488,22,1500.0,1,4,2005-11-07,14,2223,3,1,0,2
1489,66,2500.0,1,4,2005-07-16,14,2223,3,1,0,0
1490,40,4000000.0,1,4,2005-11-23,14,2223,3,1,0,0
1491,61,1907506.0,1,4,2005-08-31,14,2223,3,1,0,0
1492,25,1000000.0,0,4,2005-10-28,14,2222,2,1,1,4
1493,55,3096555.0,1,4,2005-10-12,14,2223,3,1,0,1
1494,76,2500.0,1,1,2005-07-16,14,2223,3,1,0,0
1495,58,4500.0,1,4,2005-06-17,14,2223,3,1,0,1
1496,41,500000.0,1,4,2005-06-09,14,2223,3,1,0,1
1497,37,3500000.0,1,4,2005-07-19,14,2223,3,1,0,0
1498,25,1000000.0,0,4,2005-10-28,14,2222,2,1,1,4
1499,57,5000000.0,1,1,2005-12-28,14,2223,3,1,0,0
1500,61,2000000.0,1,1,2005-07-27,14,2223,3,1,0,1
1501,49,15000.0,1,4,2005-10-05,14,2222,2,1,1,3
1502,57,2500000.0,1,4,2006-01-20,13,2223,3,1,0,1
1503,62,7000000.0,0,4,2005-07-19,14,2222,2,1,1,3
1504,31,500000.0,1,4,2005-05-30,14,2222,2,1,0,0
1505,32,5000000.0,1,4,2005-08-31,14,2222,2,1,0,0
1506,55,2000.0,1,4,2005-05-27,14,2222,2,1,0,1
1507,41,500000.0,1,1,2006-01-17,13,2223,3,1,1,4
1508,38,5000.0,1,4,2005-05-31,14,2222,2,1,0,0
1509,38,5000.0,1,4,2005-05-31,14,2222,2,1,0,0
1510,61,2000000.0,1,1,2005-07-27,14,2223,3,1,0,1
1511,44,2000000.0,1,4,2005-11-02,14,2223,3,1,0,2
1512,32,100000.0,1,4,2005-07-14,14,2223,3,1,0,1
1513,55,2000000.0,0,4,2005-06-02,14,2223,3,1,0,2
1514,43,5000.0,1,4,2005-06-02,14,2223,3,1,0,2
1515,45,2500000.0,0,4,2005-07-14,14,2223,3,1,0,0
1516,56,1277139.0,1,4,2005-11-07,14,2223,3,1,0,0
1517,56,5000000.0,1,4,2005-09-05,14,2223,3,1,0,0
1518,44,2500.0,0,4,2005-09-27,14,2223,3,1,0,0
1519,46,2000000.0,1,4,2005-07-19,14,2223,3,1,0,0
1520,14,500000.0,0,4,2005-11-01,14,2223,3,1,0,0
1521,62,260.0,1,4,2005-05-25,14,2223,3,1,0,0
1522,62,10000.0,0,4,2005-08-16,14,2223,3,1,0,2
1523,20,2000000.0,1,4,2005-07-15,14,2223,3,1,0,1
1524,69,500000.0,0,1,2005-09-21,14,2223,3,1,1,4
1525,51,2500000.0,1,4,2005-09-30,14,2223,3,1,1,4
1526,69,2500.0,1,4,2005-07-16,14,2223,3,1,1,5
1527,62,50000000.0,1,4,2005-08-17,14,2223,3,1,1,3
1528,47,4600000.0,1,4,2005-09-06,14,2222,2,1,0,0
1529,62,3000.0,1,1,2005-07-19,14,2223,3,1,0,1
1530,58,25000000.0,1,4,2005-11-01,14,2223,3,1,1,5
1531,37,1000000.0,0,4,2005-08-12,14,2223,3,1,0,0
1532,35,500000.0,1,4,2006-01-06,13,2223,3,1,0,1
1533,46,2680000.0,0,1,2005-08-01,14,2223,3,1,0,1
1534,46,5000000.0,0,4,2005-10-06,14,2223,3,1,0,0
1535,22,1500.0,1,4,2005-11-07,14,2223,3,1,0,2
1536,58,10287.0,1,4,2005-05-27,14,2223,3,1,0,0
1537,28,500000.0,0,4,2005-08-30,14,2223,3,1,0,2
1538,58,10000000.0,1,4,2008-08-18,11,2223,3,1,0,0
1539,34,1000000.0,1,4,2005-08-11,14,2223,3,1,0,0
1540,43,1762621.0,1,4,2005-11-15,14,2223,3,1,0,0
1541,51,3500000.0,1,4,2005-10-11,14,2223,3,1,1,4
1542,39,5000000.0,0,1,2005-11-08,14,2222,2,1,0,2
1543,47,1000000.0,1,4,2005-07-13,14,2223,3,1,0,0
1544,31,500000.0,1,4,2005-05-30,14,2222,2,1,0,0
1545,40,3000000.0,0,4,2005-05-24,14,2223,3,1,0,0
1546,76,2500.0,1,1,2005-07-16,14,2223,3,1,0,0
1547,38,5000.0,1,4,2005-05-31,14,2222,2,1,0,0
1548,41,3200000.0,0,4,2005-07-14,14,2223,3,1,0,1
1549,23,0.0,1,4,2005-07-15,14,2223,3,1,0,2
1550,42,80000000.0,0,4,2006-01-04,13,2230,0,1,0,1
1551,47,2500000.0,1,4,2005-05-20,14,2223,3,1,0,1
1552,39,500000.0,1,4,2005-05-30,14,2223,3,1,0,0
1553,50,1500.0,0,4,2005-08-29,14,2223,3,1,0,0
1554,39,1800000.0,1,4,2005-07-13,14,2223,3,1,0,0
1555,48,2250.0,1,4,2005-10-07,14,2223,3,1,0,0
1556,37,500000.0,1,4,2005-07-15,14,2222,2,1,0,1
1557,41,2346.9,1,4,2005-11-22,14,2222,2,1,0,0
1558,38,5000.0,1,4,2005-05-31,14,2222,2,1,0,0
1559,43,17000.0,1,4,2005-05-20,14,2223,3,1,0,0
1560,16,200000.0,0,4,2005-05-24,14,2223,3,1,0,0
1561,26,0.0,0,4,2005-08-30,14,2223,3,1,0,1
1562,39,5000000.0,1,1,2005-06-16,14,2222,2,1,0,0
1563,33,1000.0,0,4,2005-05-31,14,2223,3,1,0,2
1564,39,1500.0,1,4,2005-05-25,14,2222,2,1,0,0
1565,39,1000000.0,0,4,2005-11-01,14,2223,3,1,0,0
1566,62,9500000.0,0,1,2005-07-13,14,2222,2,1,0,0
1567,47,2500000.0,1,4,2005-05-20,14,2223,3,1,0,1
1568,41,2346.9,1,4,2005-11-22,14,2222,2,1,0,0
1569,27,200000.0,0,4,2005-07-14,14,2223,3,1,0,1
1570,57,3500.0,1,4,2005-07-19,14,2223,3,1,0,2
1571,65,180000.0,0,1,2005-09-01,14,2222,2,1,0,1
1572,57,5000000.0,1,1,2005-12-28,14,2223,3,1,0,0
1573,42,800.0,1,4,2005-07-26,14,2223,3,1,0,0
1574,34,100000.0,1,4,2005-05-27,14,2223,3,1,0,0
1575,55,1500000.0,1,0,2005-07-18,14,2223,3,1,0,0
1576,50,2500000.0,1,4,2005-09-30,14,2223,3,1,0,1
1577,39,5000000.0,1,4,2005-06-08,14,2223,3,1,0,2
1578,35,1500000.0,0,4,2006-01-20,13,2223,3,1,0,1
1579,22,1500.0,1,4,2005-11-07,14,2223,3,1,0,2
1580,31,3500000.0,0,4,2005-08-08,14,2223,3,1,0,2
1581,61,2000000.0,1,1,2005-07-27,14,2223,3,1,0,1
1582,62,3000.0,0,4,2005-07-19,14,2223,3,1,0,0
1583,57,2500.0,1,4,2005-07-16,14,2223,3,1,0,1
1584,41,5000000.0,1,4,2005-07-27,14,2223,3,1,1,3
1585,52,9000000.0,1,4,2006-01-06,13,2223,3,1,0,0
1586,42,800.0,1,4,2005-07-26,14,2223,3,1,0,0
1587,58,25000000.0,1,4,2005-11-01,14,2223,3,1,1,5
1588,62,3000.0,1,1,2005-07-19,14,2223,3,1,0,1
1589,32,5000000.0,1,4,2005-08-31,14,2222,2,1,0,0
1590,43,4383.0,0,4,2005-10-03,14,2223,3,1,0,0
1591,40,4000000.0,1,4,2005-11-23,14,2223,3,1,0,0
1592,22,1500.0,1,4,2005-11-07,14,2223,3,1,0,2
1593,42,80000000.0,0,4,2006-01-04,13,2230,0,1,0,1
1594,42,80000000.0,0,4,2006-01-04,13,2230,0,1,0,1
1595,65,7364.0,1,1,2009-10-14,10,2223,3,1,0,2
1596,51,5000000.0,1,4,2005-07-26,14,2223,3,1,0,1
1597,25,300000.0,0,4,2005-10-28,14,2223,3,1,0,1
1598,51,3000.0,1,4,2005-07-27,14,2222,2,1,1,3
1599,63,4000000.0,0,5,2005-08-30,14,2223,3,1,0,2
1600,56,5000000.0,1,1,2005-07-21,14,2223,3,1,0,2
1601,44,2500.0,0,4,2005-09-27,14,2223,3,1,0,0
1602,50,1500.0,0,4,2005-08-29,14,2223,3,1,0,0
1603,52,180.0,1,1,2015-05-12,4,2222,2,1,0,1
1604,42,800.0,1,4,2005-07-26,14,2223,3,1,0,0
1605,51,3000.0,1,4,2005-07-27,14,2222,2,1,1,3
1606,26,0.0,0,4,2005-08-30,14,2223,3,1,0,1
1607,32,100000.0,1,4,2005-07-14,14,2223,3,1,0,1
1608,68,4500.0,1,4,2005-07-25,14,2223,3,1,0,0
1609,50,180000.0,0,1,2010-10-15,9,2223,3,1,0,0
1610,51,3500000.0,1,4,2005-10-11,14,2223,3,1,1,4
1611,62,7000000.0,0,4,2005-07-19,14,2222,2,1,1,3
1612,39,5000000.0,1,1,2005-06-16,14,2222,2,1,0,0
1613,16,200000.0,0,4,2005-05-24,14,2223,3,1,0,0
1614,42,800.0,1,4,2005-07-26,14,2223,3,1,0,0
1615,75,12000.0,0,1,1996-04-30,23,2223,3,1,0,2
1616,27,200000.0,0,4,2005-07-14,14,2223,3,1,0,1
1617,48,20000000.0,0,4,2005-08-30,14,2222,2,1,0,1
1618,66,38448.3,0,1,2005-06-14,14,2222,2,1,0,2
1619,37,3000.0,1,4,2005-05-25,14,2223,3,1,0,2
1620,52,9000000.0,1,4,2006-01-06,13,2223,3,1,0,0
1621,39,3000000.0,1,1,2005-11-17,14,2223,3,1,0,0
1622,37,750.0,0,4,2005-11-15,14,2222,2,1,0,1
1623,46,2000000.0,1,4,2006-01-03,13,2222,2,1,0,0
1624,51,500.0,0,4,2005-07-25,14,2222,2,1,1,5
1625,43,500000.0,1,4,2006-01-19,13,2222,2,1,1,3
1626,37,500000.0,1,4,2005-07-15,14,2222,2,1,0,1
1627,57,200.0,1,4,2009-02-12,10,2222,2,1,1,5
1628,46,2500000.0,1,4,2005-11-11,14,2223,3,1,0,1
1629,58,10000000.0,1,4,2008-08-18,11,2223,3,1,0,0
1630,63,4000000.0,0,5,2005-08-30,14,2223,3,1,0,2
1631,40,500000.0,0,4,2006-02-22,13,2223,3,1,0,2
1632,57,3500.0,1,4,2005-07-19,14,2223,3,1,0,2
1633,31,3500000.0,0,4,2005-08-08,14,2223,3,1,0,2
1634,24,400000.0,1,4,2005-06-03,14,2223,3,1,0,0
1635,44,2500.0,0,4,2005-09-27,14,2223,3,1,0,0
1636,37,2000000.0,0,4,2005-05-26,14,2222,2,1,0,0
1637,50,3000000.0,1,4,2005-07-20,14,2222,2,1,0,1
1638,41,2000000.0,1,4,2005-06-07,14,2223,3,1,0,0
1639,40,500000.0,0,4,2006-02-22,13,2223,3,1,0,2
1640,46,2680000.0,0,1,2005-08-01,14,2223,3,1,0,1
1641,38,3000000.0,1,4,2005-06-07,14,2223,3,1,0,0
1642,50,1660278.0,1,4,2005-08-31,14,2223,3,1,0,0
1643,29,250000.0,0,4,2005-10-05,14,2223,3,1,0,0
1644,57,2500.0,1,4,2005-07-16,14,2223,3,1,0,1
1645,28,2000000.0,1,4,2005-07-15,14,2223,3,1,0,1
1646,37,2000000.0,0,4,2005-05-26,14,2222,2,1,0,0
1647,57,15000000.0,1,1,2005-06-15,14,2222,2,1,0,0
1648,76,900000.0,1,1,2005-10-31,14,2223,3,1,0,1
1649,33,500000.0,1,4,2005-11-23,14,2222,2,1,0,2
1650,62,2100000.0,1,4,2005-09-29,14,2223,3,1,0,2
1651,25,1000000.0,0,4,2005-10-28,14,2222,2,1,1,4
1652,66,2711097.0,1,1,1995-05-17,24,2233,3,1,0,0
1653,23,0.0,1,4,2005-07-15,14,2223,3,1,0,2
1654,46,2000000.0,1,4,2005-07-19,14,2223,3,1,0,0
1655,55,1500000.0,1,0,2005-07-18,14,2223,3,1,0,0
1656,35,1500000.0,0,4,2006-01-20,13,2223,3,1,0,1
1657,48,7000000.0,1,4,2005-11-22,14,2223,3,1,0,2
1658,23,0.0,1,4,2005-07-15,14,2223,3,1,0,2
1659,54,3000000.0,0,4,2005-11-09,14,2223,3,1,1,5
1660,61,1907506.0,1,4,2005-08-31,14,2223,3,1,0,0
1661,42,6000000.0,0,4,2005-09-27,14,2223,3,1,0,1
1662,40,5000.0,1,4,2005-10-06,14,2223,3,1,0,1
1663,51,2500000.0,1,4,2005-09-30,14,2223,3,1,1,4
1664,38,5000.0,1,4,2005-05-31,14,2222,2,1,0,0
1665,28,500000.0,0,4,2005-08-30,14,2223,3,1,0,2
1666,55,15000.0,0,1,1996-11-28,23,2222,2,1,0,1
1667,39,1800000.0,1,4,2005-11-11,14,2223,3,1,0,1
1668,47,1000000.0,1,4,2005-07-13,14,2223,3,1,0,0
1669,71,4200000.0,1,1,2005-06-22,14,2223,3,1,0,0
1670,44,1000000.0,1,4,2005-06-03,14,2223,3,1,0,1
1671,20,100000.0,1,4,2005-05-25,14,2223,3,1,0,0
1672,71,4200000.0,1,1,2005-06-22,14,2223,3,1,0,0
1673,50,180000.0,0,1,2010-10-15,9,2223,3,1,0,0
1674,44,2500.0,0,4,2005-09-27,14,2223,3,1,0,0
1675,40,1500000.0,1,4,2005-09-30,14,2223,3,1,0,0
1676,43,500000.0,1,4,2006-01-19,13,2222,2,1,1,3
1677,65,180000.0,0,1,2005-09-01,14,2222,2,1,0,1
1678,41,1600.0,0,1,2005-09-16,14,2222,2,1,0,0
1679,37,1000000.0,0,4,2005-08-12,14,2223,3,1,0,0
1680,43,1500.0,1,4,2005-09-29,14,2223,3,1,0,0
1681,57,500000.0,0,4,2005-11-25,14,2223,3,1,0,2
1682,39,5000000.0,1,1,2005-06-16,14,2222,2,1,0,0
1683,43,500000.0,1,4,2006-01-19,13,2222,2,1,1,3
1684,39,1500000.0,1,4,2006-01-17,13,2223,3,1,0,1
1685,32,5000000.0,1,4,2005-08-31,14,2222,2,1,0,0
1686,52,15000000.0,1,1,2005-09-30,14,2223,3,1,0,1
1687,37,2000000.0,0,4,2005-05-26,14,2222,2,1,0,0
1688,25,500000.0,1,4,2005-08-30,14,2223,3,1,0,2
1689,41,3200000.0,0,4,2005-07-14,14,2223,3,1,0,1
1690,58,10287.0,1,4,2005-05-27,14,2223,3,1,0,0
1691,50,1500.0,0,4,2005-08-29,14,2223,3,1,0,0
1692,44,1000000.0,1,4,2005-06-03,14,2223,3,1,0,1
1693,37,1000000.0,0,4,2005-08-12,14,2223,3,1,0,0
1694,42,6000000.0,0,4,2005-09-27,14,2223,3,1,0,1
1695,53,5000000.0,1,4,2005-08-29,14,2223,3,1,0,0
1696,51,12000000.0,1,4,2005-05-19,14,2223,3,1,0,0
1697,25,500000.0,1,4,2005-08-30,14,2223,3,1,0,2
1698,39,500000.0,1,4,2005-05-30,14,2223,3,1,0,0
1699,51,500.0,0,4,2005-07-25,14,2222,2,1,1,5
1700,27,2000000.0,1,4,2005-08-29,14,2222,2,1,0,1
1701,44,1000000.0,1,4,2005-06-03,14,2223,3,1,0,1
1702,61,2000000.0,1,1,2005-07-27,14,2223,3,1,0,1
1703,28,2000000.0,1,4,2005-07-15,14,2223,3,1,0,1
1704,57,2000000.0,1,4,2005-08-30,14,2223,3,1,0,0
1705,40,3000000.0,0,4,2005-05-24,14,2223,3,1,0,0
1706,41,1600.0,0,1,2005-09-16,14,2222,2,1,0,0
1707,51,3000.0,1,4,2005-07-27,14,2222,2,1,1,3
1708,37,500000.0,1,4,2005-07-15,14,2222,2,1,0,1
1709,57,3500.0,1,4,2005-07-19,14,2223,3,1,0,2
1710,51,3500000.0,1,4,2005-10-11,14,2223,3,1,1,4
1711,39,5000000.0,1,4,2005-06-08,14,2223,3,1,0,2
1712,51,1557470.0,0,4,2005-05-23,14,2223,3,1,0,0
1713,42,1800000.0,1,4,2005-09-29,14,2223,3,1,0,0
1714,61,2500.0,1,1,2005-07-16,14,2222,2,1,0,2
1715,41,5000000.0,1,4,2005-07-27,14,2223,3,1,1,3
1716,68,4500.0,1,4,2005-07-25,14,2223,3,1,0,0
1717,39,3000000.0,1,1,2005-11-17,14,2223,3,1,0,0
1718,46,5000000.0,0,4,2005-10-06,14,2223,3,1,0,0
1719,73,50000000.0,1,1,2005-07-21,14,2223,3,1,1,4
1720,27,180000.0,0,4,2005-08-29,14,2222,2,1,0,1
1721,22,1500.0,1,4,2005-11-07,14,2223,3,1,0,2
1722,47,2500000.0,1,4,2005-05-20,14,2223,3,1,0,1
1723,42,800.0,1,4,2005-07-26,14,2223,3,1,0,0
1724,37,1000000.0,0,4,2005-08-12,14,2223,3,1,0,0
1725,37,500000.0,1,4,2005-07-15,14,2222,2,1,0,1
1726,38,1500.0,1,4,2005-09-01,14,2223,3,1,0,0
1727,32,100000.0,1,4,2005-07-14,14,2223,3,1,0,1
1728,54,3000000.0,1,4,2005-05-23,14,2223,3,1,0,1
1729,40,200.0,1,4,2006-01-25,13,2223,3,1,0,1
1730,14,500000.0,0,4,2005-11-01,14,2223,3,1,0,0
1731,39,1500000.0,1,4,2006-01-17,13,2223,3,1,0,1
1732,22,1500.0,1,4,2005-11-07,14,2223,3,1,0,2
1733,57,15000000.0,1,1,2006-01-13,13,2222,2,1,0,0
1734,25,300000.0,0,4,2005-10-28,14,2223,3,1,0,1
1735,62,50000000.0,1,4,2005-08-17,14,2223,3,1,1,3
1736,66,9121.0,1,1,2005-07-15,14,2222,2,1,0,0
1737,70,10000.0,1,0,1991-10-31,28,2211,0,1,0,2
1738,62,7000000.0,0,4,2005-07-19,14,2222,2,1,1,3
1739,44,1000000.0,1,4,2005-06-29,14,2223,3,1,0,1
1740,66,2500.0,1,4,2005-07-16,14,2223,3,1,0,0
1741,68,4500.0,1,4,2005-07-25,14,2223,3,1,0,0
1742,43,17000.0,1,4,2005-05-20,14,2223,3,1,0,0
1743,38,7000000.0,0,4,2005-08-17,14,2222,2,1,1,3
1744,46,2500000.0,1,4,2005-11-11,14,2223,3,1,0,1
1745,25,1000000.0,0,4,2005-10-28,14,2222,2,1,1,4
1746,75,10000000.0,1,4,2005-06-08,14,2222,2,1,0,2
1747,55,15000.0,0,1,1996-11-28,23,2222,2,1,0,1
1748,37,1500000.0,1,4,2005-11-11,14,2223,3,1,0,1
1749,39,5000000.0,1,4,2005-06-08,14,2223,3,1,0,2
1750,51,1557470.0,0,4,2005-05-23,14,2223,3,1,0,0
1751,38,3000000.0,1,4,2005-06-07,14,2223,3,1,0,0
1752,62,7000000.0,0,4,2005-07-19,14,2222,2,1,1,3
1753,39,5000000.0,0,1,2005-11-08,14,2222,2,1,0,2
1754,48,3000.0,0,4,2005-07-19,14,2223,3,1,0,0
1755,31,2000000.0,0,4,2005-05-30,14,2222,2,1,0,0
1756,28,2000000.0,1,4,2005-07-15,14,2223,3,1,0,1
1757,46,2680000.0,0,1,2005-08-01,14,2223,3,1,0,1
1758,55,2000000.0,0,4,2005-06-02,14,2223,3,1,0,2
1759,48,2250.0,1,4,2005-10-07,14,2223,3,1,0,0
1760,57,200.0,1,4,2009-02-12,10,2222,2,1,1,5
1761,49,20000.0,1,1,2005-07-14,14,2211,0,1,0,1
1762,43,17000.0,1,4,2005-05-20,14,2223,3,1,0,0
1763,51,1000000.0,1,4,2005-09-29,14,2223,3,1,0,1
1764,20,2000000.0,1,4,2005-07-15,14,2223,3,1,0,1
1765,57,2500.0,1,4,2005-07-16,14,2223,3,1,0,1
1766,37,500.0,0,4,2005-06-28,14,2223,3,1,0,0
1767,36,0.0,0,4,2005-06-29,14,2223,3,1,0,0
1768,73,50000000.0,1,1,2005-07-21,14,2223,3,1,1,4
1769,39,2450.0,1,4,2005-10-07,14,2223,3,1,1,5
1770,62,50000000.0,1,4,2005-08-17,14,2223,3,1,1,3
1771,41,2000000.0,1,4,2005-06-07,14,2223,3,1,0,0
1772,61,2000000.0,1,1,2005-07-27,14,2223,3,1,0,1
1773,39,5000000.0,0,1,2005-11-08,14,2222,2,1,0,2
1774,37,200000.0,0,4,2005-06-06,14,2223,3,1,0,1
1775,44,1000000.0,1,4,2005-06-03,14,2223,3,1,0,1
1776,30,500000.0,0,4,2005-10-31,14,2222,2,1,0,0
1777,52,2000.0,0,1,2005-11-25,14,2223,3,1,0,2
1778,43,1500.0,1,4,2005-09-29,14,2223,3,1,0,0
1779,43,5000.0,1,4,2005-06-02,14,2223,3,1,0,2
1780,60,2000000.0,1,4,2005-11-15,14,2223,3,1,0,1
1781,40,3000000.0,0,4,2005-05-24,14,2223,3,1,0,0
1782,57,3500.0,1,4,2005-07-19,14,2223,3,1,0,2
1783,62,10000.0,0,4,2005-08-16,14,2223,3,1,0,2
1784,22,2000000.0,1,4,2005-07-15,14,2223,3,1,0,1
1785,44,1000000.0,1,4,2005-06-29,14,2223,3,1,0,1
1786,52,2500.0,1,1,2005-07-16,14,2223,3,1,0,1
1787,48,7000000.0,1,4,2005-11-22,14,2223,3,1,0,2
1788,23,0.0,1,4,2005-07-15,14,2223,3,1,0,2
1789,40,3000000.0,0,4,2005-05-24,14,2223,3,1,0,0
1790,25,300000.0,0,4,2005-10-28,14,2223,3,1,0,1
1791,33,1000.0,0,4,2005-05-31,14,2223,3,1,0,2
1792,50,2500000.0,1,4,2005-09-30,14,2223,3,1,0,1
1793,22,500000.0,0,4,2005-05-27,14,2223,3,1,0,2
1794,28,2000000.0,1,4,2005-07-15,14,2223,3,1,0,1
1795,52,9000000.0,1,4,2006-01-06,13,2223,3,1,0,0
1796,33,1000.0,0,4,2005-05-31,14,2223,3,1,0,2
1797,38,5000.0,1,4,2005-05-31,14,2222,2,1,0,0
1798,47,6777747.0,1,4,1999-02-11,20,2222,2,1,0,0
1799,52,9000000.0,1,4,2006-01-06,13,2223,3,1,0,0
1800,35,2000000.0,1,4,2005-09-30,14,2223,3,1,0,0
1801,61,8000000.0,1,4,2005-05-27,14,2223,3,1,0,0
1802,39,1800000.0,1,4,2005-07-13,14,2223,3,1,0,0
1803,42,6000000.0,0,4,2005-09-27,14,2223,3,1,0,1
1804,44,1000000.0,1,4,2005-06-29,14,2223,3,1,0,1
1805,16,200000.0,0,4,2005-05-24,14,2223,3,1,0,0
1806,41,700.0,0,4,2005-11-25,14,2223,3,1,0,2
1807,41,600.0,1,4,2005-07-21,14,2222,2,1,0,2
1808,76,2500.0,1,1,2005-07-16,14,2223,3,1,0,0
1809,32,5000000.0,1,4,2005-08-31,14,2222,2,1,0,0
1810,57,5000000.0,1,1,2005-12-28,14,2223,3,1,0,0
1811,25,500000.0,1,4,2005-08-30,14,2223,3,1,0,2
1812,57,2500000.0,1,4,2006-01-20,13,2223,3,1,0,1
1813,42,2000000.0,1,4,2006-01-09,13,2223,3,1,0,0
1814,40,500000.0,0,4,2006-02-22,13,2223,3,1,0,2
1815,36,0.0,0,4,2005-06-29,14,2223,3,1,0,0
1816,47,2500000.0,1,4,2005-05-20,14,2223,3,1,0,1
1817,52,5000.0,1,4,2005-10-06,14,2223,3,1,1,5
1818,38,5000.0,1,4,2005-05-31,14,2222,2,1,0,0
1819,29,250000.0,0,4,2005-10-05,14,2223,3,1,0,0
1820,22,500000.0,0,4,2005-05-27,14,2223,3,1,0,2
1821,37,750.0,0,4,2005-11-15,14,2222,2,1,0,1
1822,22,500000.0,0,4,2005-05-27,14,2223,3,1,0,2
1823,61,8000000.0,1,4,2005-05-27,14,2223,3,1,0,0
1824,58,25000000.0,1,4,2005-11-01,14,2223,3,1,1,5
1825,31,500000.0,1,4,2005-10-12,14,2223,3,1,0,0
1826,66,38448.3,0,1,2005-06-14,14,2222,2,1,0,2
1827,39,1500.0,1,4,2005-05-25,14,2222,2,1,0,0
1828,40,200.0,1,4,2006-01-25,13,2223,3,1,0,1
1829,46,15000000.0,1,4,2017-01-23,2,2211,0,1,0,0
1830,71,4200000.0,1,1,2005-06-22,14,2223,3,1,0,0
1831,51,3500000.0,1,4,2005-10-11,14,2223,3,1,1,4
1832,18,750000.0,0,4,2005-05-24,14,2223,3,1,0,2
1833,62,3000.0,0,4,2005-07-19,14,2223,3,1,0,0
1834,37,1500000.0,1,4,2005-11-11,14,2223,3,1,0,1
1835,58,25000000.0,1,4,2005-11-01,14,2223,3,1,1,5
1836,44,2000000.0,1,4,2005-11-02,14,2223,3,1,0,2
1837,40,1000000.0,1,4,2005-05-30,14,2223,3,1,0,2
1838,55,3096555.0,1,4,2005-10-12,14,2223,3,1,0,1
1839,60,2000000.0,1,4,2005-11-15,14,2223,3,1,0,1
1840,16,200000.0,0,4,2005-05-24,14,2223,3,1,0,0
1841,47,2500000.0,1,4,2005-05-20,14,2223,3,1,0,1
1842,56,1277139.0,1,4,2005-11-07,14,2223,3,1,0,0
1843,39,1500.0,1,4,2005-05-25,14,2222,2,1,0,0
1844,30,2500000.0,1,4,2005-05-30,14,2222,2,1,0,1
1845,22,1500.0,1,4,2005-11-07,14,2223,3,1,0,2
1846,25,1000000.0,0,4,2005-10-28,14,2222,2,1,1,4
1847,62,3000.0,0,4,2005-07-19,14,2223,3,1,0,0
1848,46,15000000.0,1,4,2017-01-23,2,2211,0,1,0,0
1849,37,2000000.0,0,4,2005-05-26,14,2222,2,1,0,0
1850,38,3000000.0,1,4,2005-06-07,14,2223,3,1,0,0
1851,27,200000.0,0,4,2005-07-14,14,2223,3,1,0,1
1852,35,2000000.0,1,4,2005-09-30,14,2223,3,1,0,0
1853,34,1000000.0,1,4,2005-09-28,14,2223,3,1,0,0
1854,40,4000000.0,1,4,2005-11-23,14,2223,3,1,0,0
1855,43,500000.0,1,4,2006-01-19,13,2222,2,1,1,3
1856,38,5000000.0,1,4,2006-01-23,13,2222,2,1,0,0
1857,47,2500000.0,1,4,2005-05-20,14,2223,3,1,0,1
1858,46,2000000.0,1,4,2005-07-19,14,2223,3,1,0,0
1859,43,17000.0,1,4,2005-05-20,14,2223,3,1,0,0
1860,76,2500.0,1,1,2005-07-16,14,2223,3,1,0,0
1861,71,4200000.0,1,1,2005-06-22,14,2223,3,1,0,0
1862,23,0.0,1,4,2005-07-15,14,2223,3,1,0,2
1863,39,2450.0,1,4,2005-10-07,14,2223,3,1,1,5
1864,62,7000000.0,0,4,2005-07-19,14,2222,2,1,1,3
1865,62,260.0,1,4,2005-05-25,14,2223,3,1,0,0
1866,57,200.0,1,4,2009-02-12,10,2222,2,1,1,5
1867,61,2500.0,1,1,2005-07-16,14,2222,2,1,0,2
1868,52,9000000.0,1,4,2006-01-06,13,2223,3,1,0,0
1869,44,2500.0,0,4,2005-09-27,14,2223,3,1,0,0
1870,46,7500000.0,1,1,2005-08-31,14,2222,2,1,1,4
1871,65,180000.0,0,1,2005-09-01,14,2222,2,1,0,1
1872,44,3000000.0,1,1,2006-01-20,13,2223,3,1,0,1
1873,57,5000000.0,1,1,2005-12-28,14,2223,3,1,0,0
1874,39,5000000.0,0,1,2005-11-08,14,2222,2,1,0,2
1875,40,1500000.0,1,4,2005-09-30,14,2223,3,1,0,0
1876,40,500000.0,0,4,2006-02-22,13,2223,3,1,0,2
1877,59,2500000.0,0,4,2006-01-24,13,2223,3,1,0,0
1878,41,600.0,1,4,2005-07-21,14,2222,2,1,0,2
1879,52,9000000.0,1,4,2006-01-06,13,2223,3,1,0,0
1880,39,1800000.0,1,4,2005-11-11,14,2223,3,1,0,1
1881,28,2000000.0,1,4,2005-07-15,14,2223,3,1,0,1
1882,76,900000.0,1,1,2005-10-31,14,2223,3,1,0,1
1883,62,2100000.0,1,4,2005-09-29,14,2223,3,1,0,2
1884,52,5000.0,1,4,2005-10-06,14,2223,3,1,1,5
1885,55,550.0,0,1,2005-06-16,14,2223,3,1,0,1
1886,61,1907506.0,1,4,2005-08-31,14,2223,3,1,0,0
1887,43,4383.0,0,4,2005-10-03,14,2223,3,1,0,0
1888,58,25000000.0,1,4,2005-11-01,14,2223,3,1,1,5
1889,57,2500000.0,1,4,2006-01-20,13,2223,3,1,0,1
1890,51,1000000.0,1,4,2005-09-29,14,2223,3,1,0,1
1891,52,180.0,1,1,2015-05-12,4,2222,2,1,0,1
1892,42,2000000.0,1,4,2006-01-09,13,2223,3,1,0,0
1893,53,5000000.0,1,4,2005-08-29,14,2223,3,1,0,0
1894,62,50000000.0,1,4,2005-08-17,14,2223,3,1,1,3
1895,20,2000000.0,1,4,2005-07-15,14,2223,3,1,0,1
1896,22,1000000.0,1,4,2005-05-31,14,2223,3,1,0,0
1897,63,4000000.0,0,5,2005-08-30,14,2223,3,1,0,2
1898,39,1500.0,1,4,2005-05-25,14,2222,2,1,0,0
1899,41,2000000.0,1,4,2005-06-07,14,2223,3,1,0,0
1900,37,1500000.0,1,4,2005-11-11,14,2223,3,1,0,1
1901,41,1600.0,0,1,2005-09-16,14,2222,2,1,0,0
1902,39,2000000.0,0,4,2005-05-26,14,2222,2,1,0,1
1903,51,5000000.0,1,4,2005-07-26,14,2223,3,1,0,1
1904,43,6500000.0,1,4,2005-09-06,14,2222,2,1,0,0
1905,31,500000.0,1,4,2005-05-30,14,2222,2,1,0,0
1906,44,1000000.0,1,4,2005-06-03,14,2223,3,1,0,1
1907,61,2000000.0,1,1,2005-07-27,14,2223,3,1,0,1
1908,89,3500000.0,1,1,2005-05-20,14,2223,3,1,0,1
1909,49,20000.0,1,1,2005-07-14,14,2211,0,1,0,1
1910,41,1600.0,0,1,2005-09-16,14,2222,2,1,0,0
1911,41,600.0,1,4,2005-07-21,14,2222,2,1,0,2
1912,40,500000.0,0,4,2006-02-22,13,2223,3,1,0,2
1913,58,4500.0,1,4,2005-06-17,14,2223,3,1,0,1
1914,42,6000000.0,0,4,2005-09-27,14,2223,3,1,0,1
1915,37,1000000.0,0,4,2005-08-12,14,2223,3,1,0,0
1916,41,2346.9,1,4,2005-11-22,14,2222,2,1,0,0
1917,31,500000.0,1,4,2005-10-12,14,2223,3,1,0,0
1918,35,500000.0,1,4,2006-01-06,13,2223,3,1,0,1
1919,69,2500.0,1,4,2005-07-16,14,2223,3,1,1,5
1920,52,9000000.0,1,4,2006-01-06,13,2223,3,1,0,0
1921,36,500000.0,1,1,2005-11-17,14,2223,3,1,0,0
1922,43,4383.0,0,4,2005-10-03,14,2223,3,1,0,0
1923,57,15000000.0,1,1,2005-06-15,14,2222,2,1,0,0
1924,38,7000000.0,0,4,2005-08-17,14,2222,2,1,1,3
1925,34,1000000.0,1,4,2005-09-28,14,2223,3,1,0,0
1926,30,2500000.0,1,4,2005-05-30,14,2222,2,1,0,1
1927,66,9121.0,1,1,2005-07-15,14,2222,2,1,0,0
1928,50,1500.0,0,4,2005-08-29,14,2223,3,1,0,0
1929,14,500000.0,0,4,2005-11-01,14,2223,3,1,0,0
1930,37,500.0,0,4,2005-06-28,14,2223,3,1,0,0
1931,48,7000000.0,1,4,2005-11-22,14,2223,3,1,0,2
1932,48,7000000.0,1,4,2005-11-22,14,2223,3,1,0,2
1933,73,50000000.0,1,1,2005-07-21,14,2223,3,1,1,4
1934,39,5000000.0,0,1,2005-11-08,14,2222,2,1,0,2
1935,51,5000000.0,1,4,2005-07-26,14,2223,3,1,0,1
1936,59,9000000.0,0,1,2006-01-06,13,2223,3,1,0,0
1937,40,1500000.0,1,4,2005-09-30,14,2223,3,1,0,0
1938,46,16500.0,1,1,2005-10-11,14,2223,3,1,0,0
1939,16,200000.0,0,4,2005-05-24,14,2223,3,1,0,0
1940,49,15000.0,1,4,2005-10-05,14,2222,2,1,1,3
1941,22,500000.0,0,4,2005-05-27,14,2223,3,1,0,2
1942,41,600.0,1,4,2005-07-21,14,2222,2,1,0,2
1943,75,12000.0,0,1,1996-04-30,23,2223,3,1,0,2
1944,32,5000000.0,1,4,2005-08-31,14,2222,2,1,0,0
1945,52,2750000.0,0,4,2005-09-29,14,2222,2,1,0,2
1946,25,500000.0,1,4,2005-08-30,14,2223,3,1,0,2
1947,37,3500000.0,1,4,2005-07-19,14,2223,3,1,0,0
1948,26,0.0,0,4,2005-08-30,14,2223,3,1,0,1
1949,76,2500.0,1,1,2005-07-16,14,2223,3,1,0,0
1950,57,15000000.0,1,1,2005-06-15,14,2222,2,1,0,0
1951,56,3595680.0,1,4,2005-06-08,14,2222,2,1,0,0
1952,25,300000.0,0,4,2005-10-28,14,2223,3,1,0,1
1953,35,1500000.0,0,4,2006-01-20,13,2223,3,1,0,1
1954,54,3000000.0,0,4,2005-11-09,14,2223,3,1,1,5
1955,22,2000000.0,1,4,2005-07-15,14,2223,3,1,0,1
1956,39,1500.0,1,4,2005-05-25,14,2222,2,1,0,0
1957,30,2500000.0,1,4,2005-05-30,14,2222,2,1,0,1
1958,54,3000000.0,1,4,2005-05-23,14,2223,3,1,0,1
1959,31,500000.0,0,4,2005-06-01,14,2223,3,1,0,0
1960,37,2000000.0,0,4,2005-05-26,14,2222,2,1,0,0
1961,52,2750000.0,0,4,2005-09-29,14,2222,2,1,0,2
1962,56,1277139.0,1,4,2005-11-07,14,2223,3,1,0,0
1963,38,7000000.0,0,4,2005-08-17,14,2222,2,1,1,3
1964,56,5000000.0,1,1,2005-07-21,14,2223,3,1,0,2
1965,56,5000000.0,1,1,2005-07-21,14,2223,3,1,0,2
1966,57,15000000.0,1,1,2006-01-13,13,2222,2,1,0,0
1967,39,5000000.0,0,1,2005-11-08,14,2222,2,1,0,2
1968,27,2000000.0,1,4,2005-08-29,14,2222,2,1,0,1
1969,58,25000000.0,1,4,2005-11-01,14,2223,3,1,1,5
1970,39,1500000.0,1,4,2006-01-17,13,2223,3,1,0,1
1971,57,600.0,0,1,2005-09-23,14,2223,3,1,0,0
1972,51,5000000.0,1,4,2005-07-26,14,2223,3,1,0,1
1973,66,2500.0,1,4,2005-07-16,14,2223,3,1,0,0
1974,41,500000.0,1,4,2005-06-09,14,2223,3,1,0,1
1975,55,15000.0,0,1,1996-11-28,23,2222,2,1,0,1
1976,31,3500000.0,0,4,2005-08-08,14,2223,3,1,0,2
1977,69,500000.0,0,1,2005-09-21,14,2223,3,1,1,4
1978,36,0.0,0,4,2005-06-29,14,2223,3,1,0,0
1979,65,180000.0,0,1,2005-09-01,14,2222,2,1,0,1
1980,36,100000.0,1,4,2005-10-06,14,2223,3,1,1,4
1981,31,500000.0,0,4,2005-06-01,14,2223,3,1,0,0
1982,58,4500.0,1,4,2005-06-17,14,2223,3,1,0,1
1983,55,550.0,0,1,2005-06-16,14,2223,3,1,0,1
1984,53,5000000.0,1,4,2005-08-29,14,2223,3,1,0,0
1985,57,4000.0,0,1,2006-01-09,13,2222,2,1,1,3
1986,52,2500.0,1,1,2005-07-16,14,2223,3,1,0,1
1987,31,3500000.0,0,4,2005-08-08,14,2223,3,1,0,2
1988,57,5000000.0,1,1,2005-12-28,14,2223,3,1,0,0
1989,46,5000000.0,0,4,2005-10-06,14,2223,3,1,0,0
1990,36,0.0,0,4,2005-06-29,14,2223,3,1,0,0
1991,71,30000.0,1,1,2005-06-03,14,2223,3,1,1,4
1992,57,4000.0,0,1,2006-01-09,13,2222,2,1,1,3
1993,53,5000000.0,1,4,2005-08-29,14,2223,3,1,0,0
1994,34,1000000.0,1,4,2005-08-11,14,2223,3,1,0,0
1995,49,15000.0,1,4,2005-10-05,14,2222,2,1,1,3
1996,66,2711097.0,1,1,1995-05-17,24,2233,3,1,0,0
1997,38,7000000.0,0,4,2005-08-17,14,2222,2,1,1,3
1998,57,2500.0,1,4,2005-07-16,14,2223,3,1,0,1
1999,52,2000.0,0,1,2005-11-25,14,2223,3,1,0,2
2000,50,180000.0,0,1,2010-10-15,9,2223,3,1,0,0
2001,64,3410000.0,1,4,2005-07-19,14,2223,3,1,0,0
2002,39,5000000.0,0,1,2005-11-08,14,2222,2,1,0,2
2003,38,3000000.0,1,4,2005-06-07,14,2223,3,1,0,0
2004,51,12000000.0,1,4,2005-05-19,14,2223,3,1,0,0
2005,51,500.0,0,4,2005-07-25,14,2222,2,1,1,5
2006,71,30000.0,1,1,2005-06-03,14,2223,3,1,1,4
2007,42,800.0,1,4,2005-07-26,14,2223,3,1,0,0
2008,26,0.0,0,4,2005-08-30,14,2223,3,1,0,1
2009,69,2500.0,1,4,2005-07-16,14,2223,3,1,1,5
2010,14,500000.0,0,4,2005-11-01,14,2223,3,1,0,0
2011,51,1000000.0,1,4,2005-09-29,14,2223,3,1,0,1
2012,41,600.0,1,4,2005-07-21,14,2222,2,1,0,2
2013,33,1000.0,0,4,2005-05-31,14,2223,3,1,0,2
2014,50,1660278.0,1,4,2005-08-31,14,2223,3,1,0,0
2015,46,15000000.0,1,4,2017-01-23,2,2211,0,1,0,0
2016,61,1907506.0,1,4,2005-08-31,14,2223,3,1,0,0
2017,27,180000.0,0,4,2005-08-29,14,2222,2,1,0,1
2018,39,1500000.0,1,4,2006-01-17,13,2223,3,1,0,1
2019,41,3200000.0,0,4,2005-07-14,14,2223,3,1,0,1
2020,66,38448.3,0,1,2005-06-14,14,2222,2,1,0,2
2021,57,15000000.0,1,1,2005-06-15,14,2222,2,1,0,0
2022,46,15000000.0,1,4,2017-01-23,2,2211,0,1,0,0
2023,39,1500.0,1,4,2005-05-25,14,2222,2,1,0,0
2024,22,1500.0,1,4,2005-11-07,14,2223,3,1,0,2
2025,46,2000000.0,1,4,2005-07-19,14,2223,3,1,0,0
2026,52,2000.0,0,1,2005-11-25,14,2223,3,1,0,2
2027,53,10000000.0,1,4,2005-09-22,14,2222,2,1,0,0
2028,52,2000.0,0,1,2005-11-25,14,2223,3,1,0,2
2029,64,3410000.0,1,4,2005-07-19,14,2223,3,1,0,0
